Step,Price,Predicted Signal,Step Return,Trade Status
0,129.67,0.19863572716712952,0.0,No trade
1,129.67,0.19805185496807098,0.001773700350895524,Trade open
2,129.9,0.19627684354782104,-0.0019279710249975324,Trade open
3,129.42,0.18085215985774994,-0.004103809958734077,Trade open
4,128.82,0.17876054346561432,0.0,No trade
5,128.82,0.17736102640628815,0.0029497717041522264,Trade open
6,129.2,0.1809944361448288,0.005977246910333633,Trade open
7,129.59,0.18532678484916687,0.011799324303865433,Trade open
8,130.34,0.18280859291553497,0.0019406923092901707,Trade open
9,129.07,0.16942737996578217,0.005356211215257645,Trade open
10,129.51,0.17642271518707275,0.008849551901221275,Trade open
11,129.96,0.17479893565177917,0.012708744134333245,Trade open
12,130.54,0.1827383041381836,0.0,No trade
13,130.54,0.17986039817333221,-0.005132512655109167,Trade open
14,129.87,0.17245030403137207,0.002451412146911025,Trade open
15,130.86,0.1790604293346405,0.005745365750044584,Trade open
16,131.29,0.17899030447006226,0.005668803118169308,Trade open
17,131.28,0.1797763556241989,0.005898608360439539,Trade open
18,131.31,0.1806596964597702,0.003983486443758011,Trade open
19,131.06,0.1770569533109665,0.008426583372056484,Trade open
20,131.64,0.1821001172065735,0.007737167179584503,Trade open
21,131.55,0.1820262372493744,0.00911599863320589,Trade open
22,131.73,0.18437568843364716,0.009039436466991901,Trade open
23,131.72,0.1845729947090149,0.017619144171476364,Trade open
24,132.84,0.1875045746564865,0.017958333386907808,Trade open
25,133.54,0.19016313552856445,0.0,No trade
26,133.54,0.18915513157844543,-0.00786272156983614,Trade open
27,132.49,0.18318937718868256,-0.008445850935197905,Trade open
28,132.35,0.17919182777404785,0.0,No trade
29,132.35,0.18151935935020447,-0.0004534402396529913,Trade open
30,132.29,0.18022777140140533,-0.001511236885562539,Trade open
31,132.15,0.17820198833942413,-0.005364614073187113,Trade open
32,131.64,0.1747835874557495,0.0017377840122208,Trade open
33,132.58,0.1793835610151291,0.0027955807745456696,Trade open
34,132.72,0.18105420470237732,-0.002040077466517687,Trade open
35,132.08,0.17776261270046234,-0.009568798177304008,Trade open
36,130.42,0.1784782111644745,0.0,No trade
37,130.42,0.17571139335632324,0.0021469006314873695,Trade open
38,130.7,0.17643879354000092,0.004447184968739748,Trade open
39,131.0,0.17733140289783478,-0.00621068524196744,Trade open
40,129.61,0.1734679937362671,0.000613416894339025,Trade open
41,130.5,0.17683225870132446,-0.005520635284483433,Trade open
42,129.7,0.172078937292099,-0.011347919702529907,Trade open
43,128.94,0.169952392578125,-0.011742284283283248,Trade open
44,128.24,0.17256249487400055,0.0,No trade
45,128.24,0.1695842295885086,-0.0056924778036773205,Trade open
46,127.51,0.16895173490047455,-0.000623844563961029,Trade open
47,128.16,0.17110870778560638,-0.003821003483608365,Trade open
48,127.75,0.16895996034145355,-0.0028073005378246307,Trade open
49,127.88,0.16953341662883759,-0.002261451445519924,Trade open
50,127.95,0.16753865778446198,-0.003976934589445591,Trade open
51,127.73,0.16951926052570343,0.00031186279375106096,Trade open
52,128.28,0.16931229829788208,-0.0009358263341709971,Trade open
53,128.12,0.16540366411209106,-0.010861322069486267,Trade open
54,126.82,0.17123250663280487,0.0,No trade
55,126.82,0.169985830783844,-0.002444390207529068,Trade open
56,126.51,0.17041082680225372,0.0010250532068312168,Trade open
57,126.95,0.1733122617006302,-0.005598478950560093,Trade open
58,126.11,0.170564666390419,0.001971297897398472,Trade open
59,127.07,0.17480777204036713,-0.009659352413778126,Trade open
60,125.21,0.17438161373138428,0.0,No trade
61,125.21,0.17162653803825378,0.008545640856027603,Trade open
62,126.28,0.17580877244472504,0.007986582815647125,Trade open
63,126.21,0.1750398874282837,0.011580581776797771,Trade open
64,126.66,0.16985104978084564,0.014295990578830242,Trade open
65,127.0,0.16397202014923096,0.011101344600319862,Trade open
66,126.6,0.16076278686523438,0.009823523461818695,Trade open
67,126.44,0.1634523570537567,0.004791937302798033,Trade open
68,125.81,0.1706836074590683,0.005750349257141352,Trade open
69,125.93,0.1737140715122223,-0.0012778214877471328,Trade open
70,125.05,0.17255745828151703,0.0015174702275544405,Trade open
71,125.4,0.17463867366313934,0.003993291407823563,Trade open
72,125.71,0.16820485889911652,0.007108053658157587,Trade open
73,126.1,0.1612679660320282,-0.0018368798773735762,Trade open
74,124.98,0.1698235720396042,-0.0034342329017817974,Trade open
75,124.78,0.17200766503810883,-0.006309407763183117,Trade open
76,124.42,0.1721821427345276,-0.000638941244687885,Trade open
77,125.13,0.1679660975933075,-0.0003194706223439425,Trade open
78,125.17,0.1653137356042862,-0.006868465803563595,Trade open
79,124.35,0.17000631988048553,0.002875174628570676,Trade open
80,125.57,0.1646885722875595,0.005430878605693579,Trade open
81,125.89,0.1606428027153015,-0.00015970483946148306,Trade open
82,125.19,0.15992800891399384,0.008465757593512535,Trade open
83,126.27,0.168953999876976,0.008785228244960308,Trade open
84,126.31,0.16988107562065125,0.00023958772362675518,Trade open
85,125.24,0.16050876677036285,-0.002795291831716895,Trade open
86,124.86,0.16843442618846893,-0.00447246665135026,Trade open
87,124.65,0.1653759479522705,0.01118122786283493,Trade open
88,126.61,0.1719880998134613,0.018688591172971433,Trade open
89,127.83,0.16750435531139374,0.0,No trade
90,127.83,0.17500104010105133,0.010326152667403221,Trade open
91,129.15,0.1768447607755661,0.004380798898637295,Trade open
92,128.39,0.1781371831893921,0.003442090470343828,Trade open
93,128.27,0.1783059537410736,0.007744703907519579,Trade open
94,128.82,0.17634610831737518,0.019479038193821907,Trade open
95,130.32,0.1835876852273941,-0.014505867905835976,Trade open
96,125.15,0.16672717034816742,0.0,No trade
97,125.15,0.16789770126342773,0.026208478957414627,Trade open
98,128.43,0.17254342138767242,0.02764681540429592,Trade open
99,128.61,0.17267416417598724,0.03276067599654198,Trade open
100,129.25,0.1753704994916916,0.03906166510634425,Trade open
101,132.45,0.17624850571155548,0.0,No trade
102,132.45,0.18073776364326477,0.006568594835698605,Trade open
103,133.32,0.18139612674713135,-0.006040038075298071,Trade open
104,131.65,0.17660312354564667,0.003397485474124551,Trade open
105,132.9,0.1777588427066803,0.003926042001694441,Trade open
106,132.97,0.17675018310546875,-0.003019961528480053,Trade open
107,132.05,0.17344823479652405,-0.002491520019248128,Trade open
108,132.12,0.17370449006557465,-0.006794970948249102,Trade open
109,131.55,0.1746625155210495,-0.00845598429441452,Trade open
110,131.33,0.17524783313274384,-0.008833508007228374,Trade open
111,131.28,0.1752704679965973,-0.0055114817805588245,Trade open
112,131.72,0.177484929561615,-0.001811930793337524,Trade open
113,132.21,0.17867249250411987,-0.002642437582835555,Trade open
114,132.1,0.17542225122451782,-0.010418947786092758,Trade open
115,131.07,0.17493288218975067,-0.008229493163526058,Trade open
116,131.36,0.17648562788963318,-0.017343462475647282,Trade open
117,129.64,0.17410537600517273,0.0,No trade
118,129.64,0.17207926511764526,0.0011570032220333815,Trade open
119,129.79,0.17422112822532654,0.002699831034988165,Trade open
120,129.99,0.17380008101463318,0.011416196823120117,Trade open
121,131.12,0.17860233783721924,0.017047259956598282,Trade open
122,131.85,0.17471948266029358,0.019229087461086498,Trade open
123,133.13,0.17712503671646118,0.0,No trade
124,133.13,0.18039296567440033,0.009539464488625526,Trade open
125,134.4,0.18204745650291443,0.010215583257377148,Trade open
126,134.49,0.1844242513179779,0.011868111789226532,Trade open
127,134.71,0.18506528437137604,0.008487866260111332,Trade open
128,134.26,0.18432950973510742,0.006534928921610117,Trade open
129,134.0,0.18168631196022034,0.001577341347001493,Trade open
130,133.34,0.1736123263835907,-0.00030052236979827285,Trade open
131,133.09,0.17200584709644318,0.002929462818428874,Trade open
132,133.52,0.17502018809318542,0.0009013378876261413,Trade open
133,133.25,0.1723247766494751,-0.00015026118489913642,Trade open
134,133.11,0.17228618264198303,-0.0008262646151706576,Trade open
135,133.02,0.17617376148700714,-7.518789789173752e-05,Trade open
136,133.12,0.17801858484745026,0.009389318525791168,Trade open
137,134.38,0.18204107880592346,0.007135859224945307,Trade open
138,134.08,0.17961619794368744,0.0033801316749304533,Trade open
139,133.58,0.17879538238048553,-0.0016525292303413153,Trade open
140,132.91,0.1756231188774109,-0.010156563939573227,Trade open
141,131.23,0.1779557466506958,0.0,No trade
142,131.23,0.17387203872203827,0.0016002950724214315,Trade open
143,131.44,0.17526623606681824,0.006858258042484522,Trade open
144,132.13,0.17594856023788452,0.016916872933506966,Trade open
145,133.45,0.1740434616804123,0.0202806138985562,Trade open
146,134.89,0.175906702876091,0.0,No trade
147,134.89,0.1766892820596695,-0.0022240569815039635,Trade open
148,134.59,0.1764748990535736,0.0016309675993397832,Trade open
149,135.11,0.1790851503610611,0.0037808178458362818,Trade open
150,135.4,0.1812826246023178,0.0017792682629078627,Trade open
151,135.13,0.18113942444324493,-0.004670508671551943,Trade open
152,134.26,0.1722768098115921,-0.010521798673178772,Trade open
153,132.81,0.17175447940826416,0.0,No trade
154,132.81,0.16979362070560455,0.0007530013099312782,Trade open
155,132.91,0.17189693450927734,0.012348463758826256,Trade open
156,134.45,0.17372475564479828,0.015812108293175697,Trade open
157,134.91,0.17545093595981598,0.00858368631452322,Trade open
158,133.95,0.17160052061080933,0.012950841337442398,Trade open
159,134.53,0.17259027063846588,0.013327342458069324,Trade open
160,134.58,0.1731720268726349,0.004969533067196608,Trade open
161,133.47,0.17460115253925323,0.015360353514552116,Trade open
162,134.85,0.17516827583312988,0.015209730714559555,Trade open
163,134.83,0.17301726341247559,0.012574341148138046,Trade open
164,134.48,0.1721336990594864,0.010767321102321148,Trade open
165,134.24,0.17344406247138977,0.02048039436340332,Trade open
166,135.53,0.1736258864402771,0.01679087243974209,Trade open
167,135.04,0.17244304716587067,0.017317995429039,Trade open
168,135.11,0.17250287532806396,0.018823884427547455,Trade open
169,135.31,0.17540334165096283,0.012875587679445744,Trade open
170,134.52,0.171562060713768,0.012800218537449837,Trade open
171,134.51,0.1731952279806137,0.01167083065956831,Trade open
172,134.36,0.17621886730194092,0.007981308735907078,Trade open
173,133.87,0.1754893660545349,0.005044787190854549,Trade open
174,133.48,0.17403046786785126,0.01046607457101345,Trade open
175,134.2,0.1770457774400711,0.010164943523705006,Trade open
176,134.16,0.1768413484096527,0.011746085248887539,Trade open
177,134.37,0.1744011491537094,0.01167083065956831,Trade open
178,134.36,0.1751624196767807,0.015812108293175697,Trade open
179,134.91,0.17335250973701477,0.018673261627554893,Trade open
180,135.29,0.17308396100997925,0.015059106983244419,Trade open
181,134.81,0.17159320414066315,0.014532098546624184,Trade open
182,134.74,0.17126122117042542,0.014456729404628277,Trade open
183,134.73,0.17065703868865967,0.013026095926761627,Trade open
184,134.54,0.17087143659591675,0.007981308735907078,Trade open
185,133.87,0.1715439260005951,0.0075295534916222095,Trade open
186,133.81,0.17127208411693573,0.010993198491632938,Trade open
187,134.27,0.1739475131034851,0.011369699612259865,Trade open
188,134.32,0.17505255341529846,0.015962617471814156,Trade open
189,134.93,0.1729828417301178,0.013026095926761627,Trade open
190,134.54,0.1715182363986969,0.013252087868750095,Trade open
191,134.57,0.1736072599887848,0.009487311355769634,Trade open
192,134.07,0.17469218373298645,0.0038401458878070116,Trade open
193,133.32,0.17318680882453918,-0.0015058877179399133,Trade open
194,132.61,0.1707167625427246,0.0007530013099312782,Trade open
195,132.91,0.17205244302749634,0.0033882760908454657,Trade open
196,133.26,0.17207825183868408,0.0045930324122309685,Trade open
197,133.42,0.17151476442813873,0.0058730426244437695,Trade open
198,133.59,0.16970770061016083,0.00835780892521143,Trade open
199,133.92,0.1703287959098816,0.01001431979238987,Trade open
200,134.14,0.1720517873764038,0.008960187435150146,Trade open
201,134.0,0.17049895226955414,0.011595577001571655,Trade open
202,134.35,0.17043235898017883,0.010541443713009357,Trade open
203,134.21,0.1697053462266922,0.008056677877902985,Trade open
204,133.88,0.1670907884836197,0.009637819603085518,Trade open
205,134.09,0.17025260627269745,0.008056677877902985,Trade open
206,133.88,0.16768351197242737,0.010993198491632938,Trade open
207,134.27,0.1713380217552185,0.010164943523705006,Trade open
208,134.16,0.170474112033844,0.00835780892521143,Trade open
209,133.92,0.16803213953971863,0.00609892001375556,Trade open
210,133.62,0.1731453537940979,0.009261318482458591,Trade open
211,134.04,0.17280608415603638,0.007378930225968361,Trade open
212,133.79,0.17698673903942108,0.010164943523705006,Trade open
213,134.16,0.16965074837207794,0.014456729404628277,Trade open
214,134.73,0.17443367838859558,0.015887362882494926,Trade open
215,134.92,0.17552092671394348,0.02093213375975834,Trade open
216,137.79,0.18327780067920685,0.0,No trade
217,137.79,0.18085326254367828,-0.002394851529970765,Trade open
218,137.46,0.1850149780511856,0.0066042798571288586,Trade open
219,138.7,0.1896979957818985,0.0074752457439899445,Trade open
220,138.82,0.18929651379585266,0.009507314302027225,Trade open
221,139.1,0.18980832397937775,0.004064248874783516,Trade open
222,138.35,0.18555645644664764,0.006894638761878014,Trade open
223,138.74,0.18665969371795654,0.00457221083343029,Trade open
224,138.42,0.18377259373664856,0.0029030349105596542,Trade open
225,138.19,0.1807485967874527,0.003120748559013009,Trade open
226,138.22,0.18209180235862732,0.007112352177500725,Trade open
227,138.77,0.1841684877872467,0.007039707154035568,Trade open
228,138.76,0.1844184547662735,0.007983207702636719,Trade open
229,138.89,0.1852411925792694,0.009507314302027225,Trade open
230,139.1,0.18686869740486145,0.011539383791387081,Trade open
231,139.38,0.18807199597358704,0.011466738767921925,Trade open
232,139.37,0.18806235492229462,0.012337704189121723,Trade open
233,139.49,0.18835687637329102,0.009071776643395424,Trade open
234,139.04,0.18236835300922394,0.010087810456752777,Trade open
235,139.18,0.18405087292194366,0.007112352177500725,Trade open
236,138.77,0.1786942183971405,0.009870097041130066,Trade open
237,139.15,0.1820802092552185,0.007330066058784723,Trade open
238,138.8,0.18224218487739563,0.012265059165656567,Trade open
239,139.48,0.1832105666399002,0.012918311171233654,Trade open
240,139.57,0.18312232196331024,0.013861700892448425,Trade open
241,139.7,0.18452568352222443,0.013281093910336494,Trade open
242,139.62,0.182633176445961,0.014711847626936487,Trade open
243,139.98,0.182252898812294,0.0,No trade
244,139.98,0.18323607742786407,-0.006041685464683991,Trade open
245,138.95,0.1813763678073883,0.0,No trade
246,138.95,0.177560955286026,-0.004677897784858942,Trade open
247,138.3,0.17365509271621704,-0.005916838039783106,Trade open
248,137.97,0.17659753561019897,0.0,No trade
249,137.97,0.17512664198875427,0.00630568340420723,Trade open
250,138.84,0.17814160883426666,0.006740542594343424,Trade open
251,138.9,0.1762801706790924,0.005870823748409748,Trade open
252,138.78,0.17583608627319336,0.004493695218116045,Trade open
253,138.59,0.17641489207744598,0.0037689663004130125,Trade open
254,138.49,0.1760406792163849,0.005363524425774813,Trade open
255,138.71,0.17714031040668488,0.00420382572337985,Trade open
256,138.55,0.1759500801563263,0.005870823748409748,Trade open
257,138.78,0.174542635679245,0.0071029625833034515,Trade open
258,138.95,0.17396612465381622,0.007610372267663479,Trade open
259,139.02,0.17312653362751007,0.007465382106602192,Trade open
260,139.0,0.17210479080677032,0.011627813280454926,Trade open
261,139.62,0.17300355434417725,0.0,No trade
262,139.62,0.17895962297916412,-0.0033662887290120125,Trade open
263,139.15,0.1746952384710312,0.0017905745189636946,Trade open
264,139.87,0.17946742475032806,0.007663711439818144,Trade open
265,140.69,0.1807606965303421,0.004870419390499592,Trade open
266,140.3,0.18148818612098694,0.010712783906982366,Trade open
267,141.2,0.1856788694858551,0.0,No trade
268,141.2,0.18509958684444427,0.0046034641563892365,Trade open
269,141.85,0.1861804574728012,0.0006373678334057331,Trade open
270,141.29,0.18679021298885345,0.0015580822946503758,Trade open
271,141.42,0.1872153878211975,-0.0021246676333248615,Trade open
272,140.9,0.1803857833147049,-0.0016996476333588362,Trade open
273,140.96,0.17991003394126892,-0.00021245595416985452,Trade open
274,141.17,0.1825641244649887,7.089069549692795e-05,Trade open
275,141.21,0.1833028346300125,-0.002266232855618,Trade open
276,140.88,0.17615343630313873,-0.003045273944735527,Trade open
277,140.77,0.1747707724571228,-0.004036771133542061,Trade open
278,140.63,0.1740686297416687,-0.005549381240285625,Trade open
279,139.89,0.17746801674365997,0.0,No trade
280,139.89,0.17499977350234985,-0.004932464566081762,Trade open
281,139.2,0.17399978637695312,-0.0020015640184283257,Trade open
282,139.61,0.17654624581336975,-0.0017871184973046184,Trade open
283,139.64,0.17596173286437988,-0.005075409876120099,Trade open
284,139.09,0.17741146683692932,0.0,No trade
285,139.09,0.17426656186580658,0.0017255409620702267,Trade open
286,139.33,0.1764456331729889,0.000790859223343432,Trade open
287,139.2,0.17306837439537048,0.001366039621643722,Trade open
288,139.28,0.17215529084205627,-0.005464048590511084,Trade open
289,138.33,0.17271313071250916,-0.00666576685605857,Trade open
290,137.03,0.17030489444732666,0.0,No trade
291,137.03,0.16574124991893768,-0.00474344240501523,Trade open
292,136.38,0.1638963222503662,0.0005108905024826527,Trade open
293,137.1,0.17147132754325867,-0.0008027483709156513,Trade open
294,136.92,0.16851642727851868,0.0005108905024826527,Trade open
295,137.1,0.17085884511470795,0.0009487330098636448,Trade open
296,137.16,0.16779761016368866,0.00291902432218194,Trade open
297,137.43,0.1632128804922104,0.004013741854578257,Trade open
298,137.58,0.16334515810012817,-0.002481181873008609,Trade open
299,136.69,0.16552381217479706,-0.007021403728431635,Trade open
300,135.94,0.16692490875720978,0.0,No trade
301,135.94,0.1677466183900833,0.002795386826619506,Trade open
302,136.32,0.16831794381141663,0.007356186397373676,Trade open
303,136.94,0.169790118932724,0.004707954823970795,Trade open
304,136.58,0.167819082736969,0.0031631062738597393,Trade open
305,136.37,0.168472021818161,0.004928631242364645,Trade open
306,136.61,0.16856828331947327,0.004045925103127956,Trade open
307,136.49,0.1695455014705658,0.004634433425962925,Trade open
308,136.57,0.16670572757720947,0.009268754161894321,Trade open
309,137.2,0.16402335464954376,0.01257907993707237,Trade open
310,137.86,0.16481713950634003,0.0,No trade
311,137.86,0.1678926795721054,-0.004352285526692867,Trade open
312,137.26,0.16144073009490967,-0.005647556064649184,Trade open
313,137.04,0.1637997180223465,0.0,No trade
314,137.04,0.16382858157157898,0.0034296647645533085,Trade open
315,137.51,0.16489753127098083,-0.0024079582653939724,Trade open
316,136.71,0.16470804810523987,-0.001897216308861971,Trade open
317,136.78,0.16723516583442688,0.0019702590070664883,Trade open
318,137.31,0.16465641558170319,0.005983707960695028,Trade open
319,137.86,0.1706869900226593,0.014490028166797368,Trade open
320,141.29,0.18042339384555817,0.0,No trade
321,141.29,0.17722444236278534,-0.0007076993933878839,Trade open
322,141.19,0.18095663189888,-0.0015569819370284677,Trade open
323,141.07,0.18608787655830383,0.002831121673807502,Trade open
324,141.69,0.18798983097076416,-0.0009200200438499451,Trade open
325,141.16,0.1869688779115677,-0.0075730206444859505,Trade open
326,140.22,0.1765654981136322,-0.009559874219740612,Trade open
327,139.36,0.17439068853855133,0.0,No trade
328,139.36,0.17156323790550232,0.00021526103955693543,Trade open
329,139.39,0.17219091951847076,0.00265495921485126,Trade open
330,139.73,0.17333272099494934,0.012126883491873741,Trade open
331,141.05,0.1821388602256775,0.013561992906033993,Trade open
332,141.25,0.18287193775177002,0.010907034389674664,Trade open
333,140.88,0.18110033869743347,0.011050468310713768,Trade open
334,140.9,0.1797337830066681,0.010763490572571754,Trade open
335,140.86,0.17858484387397766,0.007749726064503193,Trade open
336,140.44,0.17416271567344666,0.005812267307192087,Trade open
337,140.17,0.17440195381641388,0.008036704733967781,Trade open
338,140.48,0.1775204837322235,0.00896957516670227,Trade open
339,140.61,0.17661415040493011,0.006171071901917458,Trade open
340,140.22,0.17291972041130066,0.006171071901917458,Trade open
341,140.22,0.17677529156208038,0.0017221978632733226,Trade open
342,139.6,0.17551925778388977,0.00495122279971838,Trade open
343,140.05,0.17754608392715454,-0.003731373930349946,Trade open
344,138.84,0.17469574511051178,-0.00265495921485126,Trade open
345,138.99,0.17479893565177917,-0.003803091123700142,Trade open
346,138.83,0.1716163605451584,-0.007534464821219444,Trade open
347,138.31,0.1701737493276596,-0.007749726064503193,Trade open
348,138.28,0.1738630086183548,-0.010076679253762441,Trade open
349,137.19,0.1730635017156601,0.0,No trade
350,137.19,0.16949601471424103,0.019316231831908226,Trade open
351,139.84,0.18098628520965576,0.018441569060087204,Trade open
352,139.72,0.1719161421060562,0.013995175249874592,Trade open
353,139.11,0.17084458470344543,0.008309639059007168,Trade open
354,138.33,0.17017796635627747,0.001311995554715395,Trade open
355,137.37,0.16987881064414978,-0.010126733818665662,Trade open
356,135.56,0.17483389377593994,0.0,No trade
357,135.56,0.16861401498317719,-0.0022130648139864206,Trade open
358,135.26,0.16789767146110535,-0.00597519613802433,Trade open
359,134.75,0.16861340403556824,-0.005827628541737795,Trade open
360,134.77,0.1696217954158783,-0.0027293828316032887,Trade open
361,135.19,0.169923797249794,0.006712921895086765,Trade open
362,136.47,0.1647360920906067,0.010180030018091202,Trade open
363,136.94,0.16583897173404694,0.006934217177331448,Trade open
364,136.5,0.16449011862277985,0.01231925468891859,Trade open
365,137.23,0.1696988195180893,0.006712921895086765,Trade open
366,136.47,0.16590102016925812,0.008852146565914154,Trade open
367,136.76,0.16578584909439087,0.004057266749441624,Trade open
368,136.11,0.16248859465122223,0.0038359714671969414,Trade open
369,136.08,0.16181352734565735,0.003467108588665724,Trade open
370,136.03,0.16332679986953735,0.007376807276159525,Trade open
371,136.56,0.16565288603305817,0.009368577040731907,Trade open
372,136.83,0.16628186404705048,0.012393094599246979,Trade open
373,137.24,0.16609002649784088,0.020138652995228767,Trade open
374,138.29,0.17442172765731812,0.02191966039457185,Trade open
375,139.11,0.17208987474441528,0.0,No trade
376,139.11,0.17726385593414307,-0.003162982175126672,Trade open
377,138.67,0.17471784353256226,0.0006469436921179295,Trade open
378,139.2,0.17554333806037903,0.000503141840454191,Trade open
379,139.18,0.1772068291902542,0.0017252928810194135,Trade open
380,139.35,0.17897363007068634,0.000790745543781668,Trade open
381,139.22,0.17555242776870728,-0.002084632869809866,Trade open
382,138.82,0.17368009686470032,0.0002874939818866551,Trade open
383,139.15,0.17605292797088623,0.0022284346632659435,Trade open
384,139.42,0.17831023037433624,-0.001581491087563336,Trade open
385,138.89,0.17282743752002716,0.0017252928810194135,Trade open
386,139.35,0.17853963375091553,0.003378629917278886,Trade open
387,139.58,0.17623046040534973,0.00776365352794528,Trade open
388,140.19,0.18006165325641632,0.002372236456722021,Trade open
389,139.44,0.17466655373573303,0.001078239525668323,Trade open
390,139.26,0.1729789823293686,0.002587884431704879,Trade open
391,139.47,0.17575938999652863,0.004744472913444042,Trade open
392,139.77,0.17499996721744537,0.0032348281238228083,Trade open
393,139.56,0.17565476894378662,0.0055352188646793365,Trade open
394,139.88,0.1769987940788269,0.01006393413990736,Trade open
395,140.51,0.18110977113246918,0.009632638655602932,Trade open
396,140.45,0.18188849091529846,0.011573579162359238,Trade open
397,140.72,0.18319077789783478,0.016513173045482513,Trade open
398,141.45,0.18552853167057037,0.0,No trade
399,141.45,0.1856018751859665,0.005019489210098982,Trade open
400,142.16,0.18805722892284393,0.01251328643411398,Trade open
401,143.22,0.19013328850269318,0.015694601461291313,Trade open
402,143.67,0.1915644407272339,0.01800737558045697,Trade open
403,144.18,0.1933961659669876,0.0,No trade
404,144.18,0.19143511354923248,0.00499376654624939,Trade open
405,144.9,0.19295324385166168,0.007906884886324406,Trade open
406,145.32,0.1940285712480545,0.004022762179374695,Trade open
407,144.76,0.18901725113391876,0.004022762179374695,Trade open
408,144.76,0.18870048224925995,0.0031211834866553545,Trade open
409,144.63,0.1871030032634735,0.0038146974984556437,Trade open
410,144.73,0.18771378695964813,0.004161507356911898,Trade open
411,144.78,0.18840952217578888,0.004508317448198795,Trade open
412,144.83,0.18889273703098297,0.004508317448198795,Trade open
413,144.83,0.18933351337909698,0.0004162354161962867,Trade open
414,144.24,0.18260475993156433,-0.002982332371175289,Trade open
415,143.75,0.17701247334480286,0.0025663087144494057,Trade open
416,144.55,0.1810561716556549,0.00499376654624939,Trade open
417,144.9,0.1854722499847412,0.02106494894157888,Trade open
418,147.78,0.18856358528137207,0.0,No trade
419,147.78,0.1881721019744873,6.763098645024002e-05,Trade open
420,147.79,0.18958763778209686,0.008932245895266533,Trade open
421,149.1,0.19120007753372192,0.00784953124821186,Trade open
422,148.94,0.19122259318828583,0.006834446452558041,Trade open
423,148.79,0.19059529900550842,0.0062931920401751995,Trade open
424,148.71,0.18980766832828522,0.0009473500540480018,Trade open
425,147.92,0.18162287771701813,0.0059548309072852135,Trade open
426,148.66,0.18475446105003357,-0.002706684870645404,Trade open
427,147.38,0.17425337433815002,0.003180411644279957,Trade open
428,148.25,0.17964857816696167,0.004533754196017981,Trade open
429,148.45,0.17993779480457306,0.0064284540712833405,Trade open
430,148.73,0.18154041469097137,0.009879596531391144,Trade open
431,149.24,0.18359139561653137,0.007443538401275873,Trade open
432,148.88,0.18098078668117523,0.020126435738690395,Trade open
433,151.52,0.18823029100894928,0.0,No trade
434,151.52,0.18779882788658142,-0.003959913272410631,Trade open
435,150.92,0.1867278516292572,-0.005543898791074753,Trade open
436,150.68,0.18617941439151764,0.000659918412566185,Trade open
437,151.62,0.18704833090305328,-0.005279851146042347,Trade open
438,150.72,0.18026062846183777,-0.0034978799521923065,Trade open
439,150.99,0.17927180230617523,0.00039597120485268533,Trade open
440,151.58,0.18149788677692413,0.005741783883422613,Trade open
441,152.39,0.18429335951805115,0.006269779056310654,Trade open
442,152.47,0.1840992122888565,0.00673171179369092,Trade open
443,152.54,0.1864013522863388,0.000659918412566185,Trade open
444,151.62,0.17756806313991547,0.0022439039312303066,Trade open
445,151.86,0.17915377020835876,0.007589716464281082,Trade open
446,152.67,0.18223795294761658,0.005213788710534573,Trade open
447,152.31,0.17942263185977936,0.0037618272472172976,Trade open
448,152.09,0.1787915676832199,0.0036958656273782253,Trade open
449,152.08,0.17879551649093628,0.004817817360162735,Trade open
450,152.25,0.1803201138973236,0.010163630358874798,Trade open
451,153.06,0.1841023564338684,-0.00882485370742139,Trade open
452,150.0,0.17305994033813477,0.0,No trade
453,150.0,0.1690812110900879,0.004999999888241291,Trade open
454,150.75,0.1703820377588272,0.0074666342698037624,Trade open
455,151.12,0.17550091445446014,-0.003533325158059597,Trade open
456,149.47,0.17285186052322388,0.009400024078786373,Trade open
457,151.41,0.17468596994876862,0.004866638220846653,Trade open
458,150.73,0.17284274101257324,0.007266642060130835,Trade open
459,151.09,0.17323191463947296,0.010333353653550148,Trade open
460,151.55,0.1737440526485443,0.009866638109087944,Trade open
461,151.48,0.17385484278202057,0.010666707530617714,Trade open
462,151.6,0.1717882603406906,0.004266662523150444,Trade open
463,150.64,0.17219533026218414,-0.0065333046950399876,Trade open
464,149.02,0.1722853034734726,0.001066691125743091,Trade open
465,150.16,0.17407310009002686,0.005933329463005066,Trade open
466,150.89,0.17403370141983032,0.0065333046950399876,Trade open
467,150.98,0.17040035128593445,0.0053999838419258595,Trade open
468,150.81,0.17006655037403107,0.004733378067612648,Trade open
469,150.71,0.17241868376731873,0.0074666342698037624,Trade open
470,151.12,0.17144790291786194,0.009333292953670025,Trade open
471,151.4,0.17122720181941986,0.009333292953670025,Trade open
472,151.4,0.17091481387615204,0.0073333741165697575,Trade open
473,151.1,0.16993722319602966,0.0007999674417078495,Trade open
474,150.12,0.17123645544052124,0.0009999593021348119,Trade open
475,150.15,0.17192381620407104,-0.002599995816126466,Trade open
476,149.61,0.17385001480579376,0.0011333210859447718,Trade open
477,150.17,0.17557455599308014,0.003399963490664959,Trade open
478,150.51,0.17322370409965515,-0.007266642060130835,Trade open
479,148.91,0.17177949845790863,-0.002599995816126466,Trade open
480,149.61,0.17814333736896515,-0.01201904296875,Trade open
481,147.76,0.17609788477420807,0.0,No trade
482,147.76,0.17175239324569702,0.002436387585476041,Trade open
483,148.12,0.17398738861083984,0.004534367937594652,Trade open
484,148.43,0.1748025119304657,0.0015566525980830193,Trade open
485,147.99,0.16883796453475952,0.002571771154180169,Trade open
486,148.14,0.16852988302707672,0.008121361024677753,Trade open
487,148.96,0.16865050792694092,0.0018949565710499883,Trade open
488,148.04,0.16636447608470917,-0.0002030236937571317,Trade open
489,147.73,0.16523964703083038,-0.003992937039583921,Trade open
490,147.17,0.168521448969841,-0.008237278309438463,Trade open
491,146.36,0.17379899322986603,0.0,No trade
492,146.36,0.16919200122356415,0.0005466099246405065,Trade open
493,146.44,0.1701936423778534,0.002254726830869913,Trade open
494,146.69,0.16907376050949097,0.003621199633926153,Trade open
495,146.89,0.1684444099664688,0.00546599505469203,Trade open
496,147.16,0.1646992564201355,0.004372775088995695,Trade open
497,147.0,0.16526183485984802,0.003621199633926153,Trade open
498,146.89,0.16641806066036224,0.009155482053756714,Trade open
499,147.7,0.16676783561706543,0.012435037642717361,Trade open
500,148.18,0.16701501607894897,0.013625870159392626,Trade open
501,148.54,0.1662004441022873,0.0,No trade
502,148.54,0.16823358833789825,0.0014138058759272099,Trade open
503,148.75,0.16998350620269775,0.0006059755105525255,Trade open
504,148.63,0.1693526804447174,0.004847187548875809,Trade open
505,149.26,0.17435599863529205,0.008280672132968903,Trade open
506,149.77,0.17954818904399872,0.009425132535398006,Trade open
507,149.94,0.18217353522777557,0.005385775584727526,Trade open
508,149.34,0.17760002613067627,0.01481090858578682,Trade open
509,150.74,0.18565693497657776,0.015253228149827058,Trade open
510,151.11,0.184907466173172,0.0,No trade
511,151.11,0.1864558607339859,-0.003705893410369754,Trade open
512,150.55,0.1777397096157074,-0.003176465630531311,Trade open
513,150.63,0.17848818004131317,0.0009926139609888196,Trade open
514,151.26,0.18177105486392975,0.005095654167234898,Trade open
515,151.88,0.18492820858955383,0.0029118021484464407,Trade open
516,151.55,0.18349874019622803,0.0028455606661736965,Trade open
517,151.54,0.18353910744190216,0.0033749884460121393,Trade open
518,151.62,0.18451188504695892,0.0009264733525924385,Trade open
519,151.25,0.18131709098815918,-0.0059558856301009655,Trade open
520,150.21,0.17466935515403748,-0.001985328970476985,Trade open
521,150.81,0.17903779447078705,0.0010588555596768856,Trade open
522,151.27,0.1773398369550705,-0.0009926139609888196,Trade open
523,150.96,0.17600010335445404,0.00628679059445858,Trade open
524,152.06,0.18124909698963165,0.009529498405754566,Trade open
525,152.55,0.18231067061424255,0.009794161655008793,Trade open
526,152.59,0.18385742604732513,0.007345646154135466,Trade open
527,152.22,0.1811833679676056,0.008603024296462536,Trade open
528,152.41,0.18406760692596436,0.009198592975735664,Trade open
529,152.5,0.1856577843427658,0.0035073705948889256,Trade open
530,151.64,0.17324954271316528,-0.0010588555596768856,Trade open
531,150.95,0.17462825775146484,-0.00026466339477337897,Trade open
532,151.07,0.17524226009845734,0.004169180523604155,Trade open
533,151.74,0.17617376148700714,0.0025147567503154278,Trade open
534,151.49,0.17335321009159088,-0.0014559010742232203,Trade open
535,150.89,0.17504888772964478,0.004632366821169853,Trade open
536,151.81,0.17905665934085846,0.004963271785527468,Trade open
537,151.86,0.17727302014827728,0.011978013440966606,Trade open
538,152.92,0.1818707287311554,0.014823675155639648,Trade open
539,153.35,0.18334221839904785,0.012970727868378162,Trade open
540,153.07,0.182738795876503,0.018822634753908985,Trade open
541,154.86,0.18660077452659607,0.0,No trade
542,154.86,0.187437042593956,-0.0017435378395020962,Trade open
543,154.59,0.18683375418186188,-0.0033578991424292326,Trade open
544,154.34,0.18619318306446075,-0.006199190858751535,Trade open
545,153.9,0.17928309738636017,-0.004132761154323816,Trade open
546,154.22,0.18133756518363953,-0.006005475297570229,Trade open
547,153.93,0.18025238811969757,-0.007080123422181999,Trade open
548,152.98,0.1773618906736374,0.0,No trade
549,152.98,0.17305772006511688,0.007778810802847147,Trade open
550,154.17,0.17640726268291473,0.011570167727768421,Trade open
551,154.75,0.18022675812244415,0.008824722841382027,Trade open
552,154.33,0.1816994696855545,0.003856789320707321,Trade open
553,153.57,0.17358508706092834,-0.00045752429286949337,Trade open
554,152.91,0.1715814471244812,0.0033338330686092377,Trade open
555,153.49,0.1759488880634308,0.007974906824529171,Trade open
556,154.2,0.17697666585445404,0.013073604553937912,Trade open
557,154.98,0.1800609529018402,0.003072305116802454,Trade open
558,153.45,0.172439843416214,-0.00026142821297980845,Trade open
559,152.94,0.17469170689582825,-0.005294793751090765,Trade open
560,152.17,0.17476411163806915,-0.003072305116802454,Trade open
561,152.51,0.17499837279319763,-0.003333733417093754,Trade open
562,152.47,0.17434997856616974,-0.009048804318792,Trade open
563,150.91,0.17278386652469635,0.0,No trade
564,150.91,0.16994677484035492,0.003975818865001202,Trade open
565,151.51,0.17064300179481506,0.0011927153682336211,Trade open
566,151.09,0.16950660943984985,0.0020541881676763296,Trade open
567,151.22,0.16903099417686462,0.0032469036523252726,Trade open
568,151.4,0.1692352145910263,0.0018554023699834943,Trade open
569,151.19,0.16727018356323242,0.005698764696717262,Trade open
570,151.77,0.17100271582603455,0.0010602588299661875,Trade open
571,151.07,0.16804252564907074,-0.0036445765290409327,Trade open
572,150.36,0.16705460846424103,-0.0015903882449492812,Trade open
573,150.67,0.16812355816364288,0.0011927153682336211,Trade open
574,151.09,0.16947731375694275,-0.0009277011849917471,Trade open
575,150.77,0.16797693073749542,-0.0005963576841168106,Trade open
576,150.82,0.17023426294326782,0.0035120188258588314,Trade open
577,151.44,0.16477221250534058,0.0037108047399669886,Trade open
578,151.47,0.16467806696891785,0.006493908353149891,Trade open
579,151.89,0.16722372174263,0.009873369708657265,Trade open
580,152.4,0.16955314576625824,0.00629512220621109,Trade open
581,151.86,0.16810555756092072,0.004704734310507774,Trade open
582,151.62,0.16631324589252472,0.0019879599567502737,Trade open
583,151.21,0.1656932383775711,0.0029818895272910595,Trade open
584,151.36,0.16790230572223663,0.0001987858850043267,Trade open
585,150.94,0.16784225404262543,-0.00291566108353436,Trade open
586,150.47,0.16976435482501984,-0.0017891741590574384,Trade open
587,150.64,0.1708347648382187,0.0005963576841168106,Trade open
588,151.0,0.17213141918182373,0.00337946112267673,Trade open
589,151.42,0.17274031043052673,0.005234863609075546,Trade open
590,151.7,0.17006626725196838,0.0077529530972242355,Trade open
591,152.08,0.17240682244300842,0.0029818895272910595,Trade open
592,151.36,0.16850289702415466,0.006493908353149891,Trade open
593,151.89,0.1700020283460617,-0.0009277011849917471,Trade open
594,150.77,0.17020124197006226,-0.007222823798656464,Trade open
595,149.82,0.17046453058719635,-0.008817942768521212,Trade open
596,149.56,0.17665380239486694,0.0,No trade
597,149.56,0.17169000208377838,-0.00046798653784208,Trade open
598,149.49,0.16913339495658875,-0.002875051461160183,Trade open
599,149.13,0.16757746040821075,-0.005731097082440109,Trade open
600,148.41,0.1698121428489685,0.0,No trade
601,148.41,0.16797740757465363,0.0006737473304383457,Trade open
602,148.51,0.16910916566848755,0.001819210359826684,Trade open
603,148.68,0.16677238047122955,-0.0007411940605379641,Trade open
604,148.3,0.166632279753685,-0.002493163337931037,Trade open
605,148.04,0.16595523059368134,0.00411023898050189,Trade open
606,149.02,0.1655295193195343,0.0020887914579361677,Trade open
607,148.72,0.1647692620754242,0.0007411940605379641,Trade open
608,148.52,0.16254502534866333,0.004986120853573084,Trade open
609,149.15,0.162300705909729,0.006064239889383316,Trade open
610,149.31,0.1650392860174179,0.005592627450823784,Trade open
611,149.24,0.16298314929008484,0.004312373697757721,Trade open
612,149.05,0.15930327773094177,0.005525180604308844,Trade open
613,149.23,0.1611585170030594,0.004447164013981819,Trade open
614,149.07,0.15976442396640778,0.004244926851242781,Trade open
615,149.04,0.16104835271835327,0.0007411940605379641,Trade open
616,148.52,0.16460470855236053,0.001954000908881426,Trade open
617,148.7,0.16824333369731903,0.005659970920532942,Trade open
618,149.25,0.16621343791484833,0.0036385233979672194,Trade open
619,148.95,0.16362181305885315,-0.0004042689688503742,Trade open
620,148.35,0.16902591288089752,0.001819210359826684,Trade open
621,148.68,0.1708841770887375,0.0010106724221259356,Trade open
622,148.56,0.16993197798728943,0.005592627450823784,Trade open
623,149.24,0.16656740009784698,0.005255701951682568,Trade open
624,149.19,0.16537797451019287,0.003975448664277792,Trade open
625,149.0,0.16629604995250702,0.005390492733567953,Trade open
626,149.21,0.16721190512180328,0.011185254901647568,Trade open
627,150.07,0.17342600226402283,0.008489957079291344,Trade open
628,149.67,0.17101307213306427,0.0,Trade open
629,148.41,0.1657354235649109,-0.006199030700382616,Trade open
630,146.34,0.17398564517498016,0.0,No trade
631,146.34,0.16775625944137573,0.008883443661034107,Trade open
632,147.64,0.1760963648557663,0.005193452350795269,Trade open
633,147.1,0.17297707498073578,0.0025967261753976345,Trade open
634,146.72,0.16990457475185394,0.008268462494015694,Trade open
635,147.55,0.1729513257741928,0.008541752584278584,Trade open
636,147.59,0.16600127518177032,0.0007516783662140369,Trade open
637,146.45,0.16853390634059906,-0.003484997432678938,Trade open
638,145.83,0.17025035619735718,-6.82964819134213e-05,Trade open
639,146.33,0.1723816841840744,0.0036216946318745613,Trade open
640,146.87,0.1675761342048645,0.0045783668756484985,Trade open
641,147.01,0.1648436188697815,0.007585080340504646,Trade open
642,147.45,0.16585026681423187,0.007448383141309023,Trade open
643,147.43,0.1651025414466858,0.012095150537788868,Trade open
644,148.11,0.17016004025936127,0.013803500682115555,Trade open
645,148.36,0.17009808123111725,0.013051822781562805,Trade open
646,148.25,0.17024952173233032,0.014145191758871078,Trade open
647,148.41,0.17131970822811127,0.012231847271323204,Trade open
648,148.13,0.16975244879722595,0.015648549422621727,Trade open
649,148.63,0.17286564409732819,0.013530210591852665,Trade open
650,148.32,0.17146557569503784,0.011001781560480595,Trade open
651,147.95,0.16758862137794495,0.00772177753970027,Trade open
652,147.47,0.16856202483177185,0.010181806050240993,Trade open
653,147.83,0.16870303452014923,0.010181806050240993,Trade open
654,147.83,0.17415334284305573,0.015668017659697504,Trade open
655,149.05,0.17261677980422974,0.0,No trade
656,149.05,0.176095649600029,0.0022810890804976225,Trade open
657,149.39,0.17738360166549683,-0.0006037996499799192,Trade open
658,148.96,0.17575816810131073,-0.0022140343207865953,Trade open
659,148.72,0.17356790602207184,-0.0002684236387722194,Trade open
660,149.01,0.17478817701339722,-0.0028178340289741755,Trade open
661,148.63,0.1740504950284958,-0.0032203670125454664,Trade open
662,148.57,0.1720493882894516,-0.000536744890268892,Trade open
663,148.97,0.17374029755592346,0.0008721209014765918,Trade open
664,149.18,0.1744707226753235,0.00462933536618948,Trade open
665,149.74,0.1805582195520401,0.004562178160995245,Trade open
666,149.73,0.18145407736301422,0.005568613298237324,Trade open
667,149.88,0.18087705969810486,0.006574945989996195,Trade open
668,150.03,0.18237513303756714,0.0004695878305938095,Trade open
669,149.12,0.17104260623455048,-0.00201276782900095,Trade open
670,148.75,0.1749320775270462,0.0002683212806005031,Trade open
671,149.09,0.1774594485759735,0.0019456107402220368,Trade open
672,149.34,0.17202596366405487,-0.004763547331094742,Trade open
673,148.34,0.17280153930187225,-0.0034217359498143196,Trade open
674,148.54,0.1734749972820282,-0.00523313507437706,Trade open
675,148.27,0.17180797457695007,-0.006148479515575175,Trade open
676,147.98,0.1737700253725052,0.0,No trade
677,147.98,0.17046193778514862,-0.002973391441628337,Trade open
678,147.54,0.17208144068717957,-0.006352226249873638,Trade open
679,147.04,0.1655290424823761,-0.006844521829823561,Trade open
680,146.04,0.16969835758209229,0.0,No trade
681,146.04,0.16581794619560242,-0.007258269004523754,Trade open
682,144.98,0.16327987611293793,-0.0021226895041763783,Trade open
683,145.73,0.17029865086078644,0.0002739560732152313,Trade open
684,146.08,0.16827815771102905,0.008833255618810654,Trade open
685,147.33,0.1715635359287262,0.016091523692011833,Trade open
686,148.39,0.16843609511852264,0.01672726314683597,Trade open
687,149.53,0.17242689430713654,0.0,No trade
688,149.53,0.1747194081544876,-0.005416956730186939,Trade open
689,148.72,0.1716575175523758,-0.0016050658887252212,Trade open
690,149.29,0.1743447482585907,0.0014044453855603933,Trade open
691,149.74,0.1763061285018921,0.0014044453855603933,Trade open
692,149.74,0.17727068066596985,0.00835952628403902,Trade open
693,150.78,0.18427442014217377,0.012438979931175709,Trade open
694,151.39,0.18703894317150116,0.010432672686874866,Trade open
695,151.09,0.18612584471702576,0.012505819089710712,Trade open
696,151.4,0.18704473972320557,0.01310778222978115,Trade open
697,151.49,0.18735113739967346,0.01284022070467472,Trade open
698,151.45,0.18710042536258698,0.013776483945548534,Trade open
699,151.59,0.18715235590934753,0.014110884629189968,Trade open
700,151.64,0.18517225980758667,0.01742599224478392,Trade open
701,152.46,0.19374261796474457,0.0,No trade
702,152.46,0.19057472050189972,0.0013773543760180473,Trade open
703,152.67,0.19224829971790314,-0.004984978120774031,Trade open
704,151.7,0.17975513637065887,-0.008339410353567325,Trade open
705,151.05,0.174201101064682,0.0,No trade
706,151.05,0.1738535463809967,-0.002780524082481861,Trade open
707,150.63,0.17295734584331512,-0.00949069685514394,Trade open
708,149.58,0.17765958607196808,0.0,No trade
709,149.58,0.17449863255023956,-0.009808405219132142,Trade open
710,148.08,0.17713305354118347,0.0,No trade
711,148.08,0.16940096020698547,-6.749396561644971e-05,Trade open
712,148.07,0.17195624113082886,-0.00513232359662652,Trade open
713,147.32,0.1691669076681137,-0.010110360461838035,Trade open
714,146.03,0.17025890946388245,0.0,No trade
715,146.03,0.166115403175354,0.0021228347904980183,Trade open
716,146.34,0.1692231446504593,0.001164131797850132,Trade open
717,146.2,0.16934308409690857,0.0009587029344402254,Trade open
718,146.17,0.16644559800624847,-0.0007532740710303187,Trade open
719,145.92,0.16608932614326477,0.007121882867068052,Trade open
720,147.07,0.16554389894008636,0.0036293829325586557,Trade open
721,146.56,0.164692223072052,0.004451098386198282,Trade open
722,146.68,0.16454388201236725,0.01417521946132183,Trade open
723,148.1,0.1689070612192154,0.016434937715530396,Trade open
724,148.43,0.16444182395935059,0.009929445572197437,Trade open
725,147.48,0.16484767198562622,0.006710920482873917,Trade open
726,147.01,0.16046082973480225,0.007464194670319557,Trade open
727,147.12,0.16036231815814972,0.011641422286629677,Trade open
728,147.73,0.16600103676319122,0.008012039586901665,Trade open
729,147.2,0.1634480357170105,0.013147970661520958,Trade open
730,147.95,0.16728664934635162,0.011367551982402802,Trade open
731,147.69,0.16564075648784637,0.012394696474075317,Trade open
732,147.84,0.1662353277206421,0.014517531730234623,Trade open
733,148.15,0.16851766407489777,0.014791506342589855,Trade open
734,148.19,0.170170858502388,0.014654519036412239,Trade open
735,148.17,0.1690102368593216,0.015270805917680264,Trade open
736,148.26,0.17224785685539246,0.011778410524129868,Trade open
737,147.75,0.16967537999153137,0.010271862149238586,Trade open
738,147.53,0.17081986367702484,0.010340303182601929,Trade open
739,147.54,0.17101874947547913,0.009861004538834095,Trade open
740,147.47,0.17132630944252014,0.012737113051116467,Trade open
741,147.89,0.17509892582893372,0.0021913808304816484,Trade open
742,146.35,0.17298518121242523,0.0024652511347085238,Trade open
743,146.39,0.17353978753089905,0.004177228081971407,Trade open
744,146.64,0.17146869003772736,0.012326255440711975,Trade open
745,147.83,0.17389529943466187,0.013353399932384491,Trade open
746,147.98,0.17059728503227234,0.01646432875329329,Trade open
747,148.63,0.17146728932857513,0.0,No trade
748,148.63,0.17401638627052307,0.0016820291057229042,Trade open
749,148.88,0.17552787065505981,0.002825796604156494,Trade open
750,149.05,0.17803797125816345,0.00470966100692749,Trade open
751,149.33,0.17921656370162964,0.0033640582114458084,Trade open
752,149.13,0.17954781651496887,0.0031622229143977165,Trade open
753,149.1,0.17887000739574432,0.0002690794935915619,Trade open
754,148.67,0.17463001608848572,-0.0025567172560840845,Trade open
755,148.25,0.17075932025909424,0.0026239613071084023,Trade open
756,149.02,0.174964040517807,0.0024893702939152718,Trade open
757,149.0,0.17456763982772827,-0.002893143566325307,Trade open
758,148.2,0.1714480221271515,-0.005584348924458027,Trade open
759,147.8,0.17143498361110687,-0.005656433282171271,Trade open
760,147.43,0.17790409922599792,0.0,No trade
761,147.43,0.17483797669410706,0.0012209722772240639,Trade open
762,147.61,0.17684775590896606,-0.0020347812678664923,Trade open
763,147.13,0.16955581307411194,0.005562011618167162,Trade open
764,148.25,0.17607754468917847,0.0031201704405248165,Trade open
765,147.89,0.17307224869728088,0.004001977853477001,Trade open
766,148.02,0.17295822501182556,0.0105134854093194,Trade open
767,148.98,0.17379716038703918,0.006511610466986895,Trade open
768,148.39,0.1714138686656952,0.010106529109179974,Trade open
769,148.92,0.17277252674102783,0.009156930260360241,Trade open
770,148.78,0.1715628206729889,0.013430118581124018,Trade open
771,149.59,0.1739487498998642,0.0,No trade
772,149.59,0.1759246438741684,0.0018717747880145907,Trade open
773,149.87,0.18001651763916016,0.0004679946869146079,Trade open
774,149.66,0.1793944388628006,-0.002005502115935087,Trade open
775,149.29,0.17389526963233948,-0.007353371474891901,Trade open
776,148.49,0.17015765607357025,-0.0068185641430318356,Trade open
777,148.57,0.17259624600410461,-0.007850043874502348,Trade open
778,146.53,0.17440706491470337,0.0,No trade
779,146.53,0.1700868457555771,0.00498188566416502,Trade open
780,147.26,0.17664769291877747,-0.002252110978588462,Trade open
781,146.2,0.17198488116264343,-0.003344062715768814,Trade open
782,146.04,0.1717936247587204,-0.007097477093338966,Trade open
783,145.49,0.17064136266708374,-0.0015014073578640819,Trade open
784,146.31,0.16855311393737793,-0.0002047278976533562,Trade open
785,146.5,0.1661529839038849,0.0012966794893145561,Trade open
786,146.72,0.16576963663101196,-0.00348047842271626,Trade open
787,146.02,0.16596640646457672,-0.0025933589786291122,Trade open
788,146.15,0.16950605809688568,-0.0025933589786291122,Trade open
789,146.15,0.16315779089927673,0.0030028147157281637,Trade open
790,146.97,0.1671781688928604,0.007165789138525724,Trade open
791,147.58,0.16970543563365936,0.011192243546247482,Trade open
792,148.17,0.17247751355171204,0.007984700612723827,Trade open
793,147.7,0.16954264044761658,0.00682454090565443,Trade open
794,147.53,0.1695934534072876,0.004162974189966917,Trade open
795,147.14,0.16643279790878296,0.0037535184528678656,Trade open
796,147.08,0.16688789427280426,0.008257740177214146,Trade open
797,147.74,0.1701226681470871,0.0032075427006930113,Trade open
798,147.0,0.16669514775276184,0.0016379273729398847,Trade open
799,146.77,0.16905377805233002,-0.0008872236940078437,Trade open
800,146.4,0.16928130388259888,-0.0005459758103825152,Trade open
801,146.45,0.17091844975948334,0.001433199504390359,Trade open
802,146.74,0.1730651706457138,0.0051866136491298676,Trade open
803,147.29,0.173509418964386,0.00477715814486146,Trade open
804,147.23,0.17043569684028625,0.005323133897036314,Trade open
805,147.31,0.17170047760009766,0.007029268890619278,Trade open
806,147.56,0.17171956598758698,0.008940132334828377,Trade open
807,147.84,0.17298370599746704,0.00962262786924839,Trade open
808,147.94,0.17364779114723206,0.0021155911963433027,Trade open
809,146.84,0.1681995987892151,-0.007604506513075615,Trade open
810,144.82,0.17388713359832764,0.0,No trade
811,144.82,0.168739452958107,-0.009346568396554435,Trade open
812,143.1,0.17118476331233978,0.0,No trade
813,143.1,0.16230209171772003,-0.009598679936196725,Trade open
814,140.69,0.16906195878982544,0.0,No trade
815,140.69,0.16064800322055817,0.01457106415182352,Trade open
816,142.74,0.172773078083992,0.008813634514808655,Trade open
817,141.93,0.16935227811336517,0.012296508066356182,Trade open
818,142.42,0.17096368968486786,0.01087496429681778,Trade open
819,142.22,0.1705780029296875,0.00966664683073759,Trade open
820,142.05,0.17092068493366241,0.01684551127254963,Trade open
821,143.06,0.16419556736946106,0.01776956394314766,Trade open
822,143.19,0.1627628207206726,0.02051115051256689,Trade open
823,144.69,0.1719600260257721,0.0,No trade
824,144.69,0.16743238270282745,0.003317407798022032,Trade open
825,145.17,0.16567187011241913,0.006220152601599693,Trade open
826,145.59,0.1674119383096695,-0.0005529188783839345,Trade open
827,144.61,0.164871484041214,0.006427484098821878,Trade open
828,145.62,0.17081554234027863,0.017140062525868416,Trade open
829,147.17,0.17592281103134155,0.01603422500193119,Trade open
830,147.01,0.17597152292728424,0.014928492717444897,Trade open
831,146.85,0.17466846108436584,0.011887491680681705,Trade open
832,146.41,0.1746528148651123,0.01624155603349209,Trade open
833,147.04,0.1765296906232834,0.0167944747954607,Trade open
834,147.12,0.17749595642089844,0.0187198309626968,Trade open
835,147.84,0.1811855137348175,0.0,No trade
836,147.84,0.18265949189662933,-0.0020292415283620358,Trade open
837,147.54,0.18093666434288025,0.0011498794192448258,Trade open
838,148.01,0.18354347348213196,0.000879362050909549,Trade open
839,147.97,0.1835775077342987,0.0050730518996715546,Trade open
840,148.59,0.18607303500175476,0.00737281097099185,Trade open
841,148.93,0.1869116723537445,0.010890156030654907,Trade open
842,149.45,0.18820199370384216,0.005681793671101332,Trade open
843,148.68,0.18404901027679443,0.005275965668261051,Trade open
844,148.62,0.18316006660461426,0.005884810816496611,Trade open
845,148.71,0.18111002445220947,0.0018263276433572173,Trade open
846,148.11,0.17361114919185638,0.004599621053785086,Trade open
847,148.52,0.17569614946842194,0.005478879902511835,Trade open
848,148.65,0.17896397411823273,0.008793311193585396,Trade open
849,149.14,0.18278127908706665,0.006561155430972576,Trade open
850,148.81,0.1803630292415619,0.005884810816496611,Trade open
851,148.71,0.1754942089319229,0.007846345193684101,Trade open
852,149.0,0.18039709329605103,0.013025631862146168,Trade open
853,149.8,0.1806263029575348,0.0,No trade
854,149.8,0.1809573471546173,0.007009366061538458,Trade open
855,150.85,0.18278634548187256,0.006141509860754013,Trade open
856,150.72,0.1869322806596756,0.006408487446606159,Trade open
857,150.76,0.18696901202201843,0.009212213568389416,Trade open
858,151.18,0.18896064162254333,0.011615494305558569,Trade open
859,152.07,0.1906755566596985,0.0,No trade
860,152.07,0.18978500366210938,-0.000328816007822752,Trade open
861,152.02,0.18923510611057281,-0.0027619742322713137,Trade open
862,151.65,0.1863628327846527,-0.0021043422166258097,Trade open
863,151.75,0.1862369179725647,-0.004274407401680946,Trade open
864,151.42,0.18384119868278503,0.0,Trade open
865,152.07,0.18703952431678772,0.0012493402464315295,Trade open
866,152.26,0.18778356909751892,-0.005753943336810134,Trade open
867,150.62,0.18005309998989105,0.0,No trade
868,150.62,0.17423471808433533,0.011353119276463985,Trade open
869,152.33,0.18409711122512817,0.014758045625320635,Trade open
870,153.01,0.18370935320854187,0.0,No trade
871,153.01,0.18523138761520386,0.0011110266204923391,Trade open
872,153.18,0.18149523437023163,-0.00743648548146263,Trade open
873,151.8,0.18120215833187103,0.0,No trade
874,151.8,0.17568247020244598,0.0024373854976147413,Trade open
875,152.17,0.17929549515247345,-0.00092226208653301,Trade open
876,151.66,0.17364253103733063,0.0011857225326821208,Trade open
877,151.98,0.17533881962299347,-0.003425588132813573,Trade open
878,151.28,0.17467918992042542,-0.007975718560286038,Trade open
879,150.54,0.1754787117242813,0.0,No trade
880,150.54,0.17290902137756348,0.0037200269289314747,Trade open
881,151.1,0.17339622974395752,0.002125729573890567,Trade open
882,150.86,0.17278842628002167,-0.0018599627073854208,Trade open
883,150.26,0.1713670939207077,-0.001195646938867867,Trade open
884,150.36,0.1738399863243103,-0.0022585117258131504,Trade open
885,150.2,0.17363694310188293,0.00013288344780448824,Trade open
886,150.56,0.1751430630683899,-0.00019927448011003435,Trade open
887,150.51,0.17437677085399628,-0.0007307069026865065,Trade open
888,150.43,0.17403946816921234,-0.0019927448593080044,Trade open
889,150.24,0.17206348478794098,0.0011957482201978564,Trade open
890,150.72,0.1745838075876236,0.002059338614344597,Trade open
891,150.85,0.17296423017978668,0.0052478318102657795,Trade open
892,151.33,0.17267653346061707,0.006111422087997198,Trade open
893,151.46,0.1734073907136917,0.0025906695518642664,Trade open
894,150.93,0.17035356163978577,-6.639103958150372e-05,Trade open
895,150.53,0.1711474061012268,0.0009964738273993134,Trade open
896,150.69,0.17263329029083252,0.00046504137571901083,Trade open
897,150.61,0.1689174324274063,-0.00132853037212044,Trade open
898,150.34,0.1713182032108307,0.001594297238625586,Trade open
899,150.78,0.17175401747226715,0.002059338614344597,Trade open
900,150.85,0.16961786150932312,-0.0023913951590657234,Trade open
901,150.18,0.17044979333877563,-0.003985591232776642,Trade open
902,149.94,0.17485392093658447,-0.006842027418315411,Trade open
903,149.51,0.1723271608352661,-0.006941679030942178,Trade open
904,149.47,0.17698045074939728,0.0,No trade
905,149.47,0.17258287966251373,-0.0032113180495798588,Trade open
906,148.99,0.17069241404533386,-0.00307758548296988,Trade open
907,149.01,0.17118073999881744,-0.005055975217126635,Trade open
908,148.52,0.1703132838010788,0.0,No trade
909,148.52,0.16870301961898804,0.006059748586267233,Trade open
910,149.42,0.1684248298406601,0.00545379426330328,Trade open
911,149.33,0.16562405228614807,0.00794500857591629,Trade open
912,149.7,0.16819891333580017,0.006329130381345749,Trade open
913,149.46,0.16535253822803497,0.009916906696956164,Trade open
914,150.11,0.16825765371322632,0.0,No trade
915,150.11,0.16918693482875824,-0.0012657546903938055,Trade open
916,149.92,0.16756583750247955,0.003397471969947219,Trade open
917,150.62,0.1732642501592636,0.004130271729081869,Trade open
918,150.73,0.17392337322235107,-0.0009326453437097371,Trade open
919,149.97,0.1677045226097107,0.005529290530830622,Trade open
920,150.94,0.17374944686889648,0.0027979358565062284,Trade open
921,150.53,0.17204460501670837,0.003131045261397958,Trade open
922,150.58,0.1723581850528717,0.0069948905147612095,Trade open
923,151.16,0.1749226599931717,0.00965956225991249,Trade open
924,151.56,0.17652270197868347,-0.0019318718696013093,Trade open
925,149.82,0.16959239542484283,-0.0015321812825277448,Trade open
926,149.88,0.1727353185415268,0.004996336065232754,Trade open
927,150.86,0.1719904989004135,0.0005329546984285116,Trade open
928,150.19,0.17093324661254883,-0.00033310940489172935,Trade open
929,150.06,0.1768164336681366,-0.0018652906874194741,Trade open
930,149.83,0.17640431225299835,-0.000866064103320241,Trade open
931,149.98,0.17647117376327515,-0.0037972640711814165,Trade open
932,149.54,0.17496393620967865,-0.005510245887110374,Trade open
933,148.75,0.17581461369991302,0.0,No trade
934,148.75,0.17362350225448608,-0.004504189360886812,Trade open
935,148.08,0.17008624970912933,-0.004705861676484346,Trade open
936,148.05,0.1696796864271164,-0.0031596720218658447,Trade open
937,148.28,0.16815659403800964,-0.002689034678041935,Trade open
938,148.35,0.1656998097896576,-0.005949564941790926,Trade open
939,147.69,0.16708222031593323,0.0,No trade
940,147.69,0.16607335209846497,0.0005416875355876982,Trade open
941,147.77,0.16633786261081696,0.0002707921084947884,Trade open
942,147.73,0.16545726358890533,0.0006093597039580345,Trade open
943,147.78,0.16250422596931458,0.0024375421926379204,Trade open
944,148.05,0.16300007700920105,0.002369766589254141,Trade open
945,148.04,0.16315624117851257,0.0027761098463088274,Trade open
946,148.1,0.16195148229599,0.0006770319305360317,Trade open
947,147.79,0.16222937405109406,0.0023020943626761436,Trade open
948,148.03,0.16282276809215546,0.007989658042788506,Trade open
949,148.87,0.16691209375858307,0.007312626577913761,Trade open
950,148.77,0.1660020798444748,0.004197949077934027,Trade open
951,148.31,0.16235099732875824,0.0041302768513560295,Trade open
952,148.3,0.16346433758735657,0.00406250124797225,Trade open
953,148.29,0.1631162166595459,0.0027761098463088274,Trade open
954,148.1,0.16201169788837433,0.0008802551310509443,Trade open
955,147.82,0.16530579328536987,0.00033856762456707656,Trade open
956,147.74,0.16593699157238007,-0.0010157028445973992,Trade open
957,147.54,0.16701890528202057,0.0008802551310509443,Trade open
958,147.82,0.16927367448806763,-0.0012864948948845267,Trade open
959,147.5,0.16775362193584442,0.0026406620163470507,Trade open
960,148.08,0.16997618973255157,0.0018281824886798859,Trade open
961,147.96,0.1687038391828537,0.001354167121462524,Trade open
962,147.89,0.16645842790603638,-0.0005416875355876982,Trade open
963,147.61,0.16830457746982574,-0.0028437820728868246,Trade open
964,147.27,0.16941280663013458,-0.0025729897897690535,Trade open
965,147.31,0.1679299771785736,-0.004797678229580664,Trade open
966,146.78,0.17302514612674713,0.0,No trade
967,146.78,0.16910932958126068,0.002725125290453434,Trade open
968,147.18,0.17343026399612427,0.0024526542983949184,Trade open
969,147.14,0.16714443266391754,0.007017296738922596,Trade open
970,147.81,0.1694251000881195,0.00738708575266956,Trade open
971,148.09,0.16746586561203003,0.0,No trade
972,148.09,0.1706889569759369,0.002363468986004591,Trade open
973,148.44,0.1731501817703247,0.002228387165814638,Trade open
974,148.42,0.17302319407463074,0.0008103881264105439,Trade open
975,148.21,0.1717984676361084,0.0027011220809072256,Trade open
976,148.49,0.17388972640037537,0.0037139784544706345,Trade open
977,148.64,0.17734605073928833,0.002498550806194544,Trade open
978,148.46,0.17422692477703094,0.00020257127471268177,Trade open
979,148.12,0.1686696708202362,-0.0036801600659531267,Trade open
980,147.38,0.1644991636276245,0.0,No trade
981,147.38,0.16742581129074097,-0.004633300864966658,Trade open
982,146.45,0.16996754705905914,0.0,No trade
983,146.45,0.16774055361747742,0.0024581809993833303,Trade open
984,146.81,0.17220838367938995,0.004438437521457672,Trade open
985,147.1,0.16849759221076965,0.001707067247480154,Trade open
986,146.7,0.16680476069450378,0.005735720973461866,Trade open
987,147.29,0.17208676040172577,0.006623429246246815,Trade open
988,147.42,0.17143094539642334,0.007579382974654436,Trade open
989,147.56,0.17171555757522583,0.007169703487306833,Trade open
990,147.5,0.17168064415454865,0.00936448939527162,Trade open
991,147.88,0.17405937612056732,0.0,No trade
992,147.88,0.17276909947395325,-0.0017582483123987913,Trade open
993,147.62,0.16853182017803192,-0.0029078165534883738,Trade open
994,147.45,0.16853496432304382,-0.0034488081000745296,Trade open
995,147.37,0.16570650041103363,-0.0039655809644703836,Trade open
996,146.76,0.16256296634674072,0.0,No trade
997,146.76,0.1663043200969696,-0.00034060911275446415,Trade open
998,146.71,0.16623620688915253,-0.0013627484440803528,Trade open
999,146.56,0.16598515212535858,-0.002384783700108528,Trade open
1000,146.41,0.16704994440078735,0.0010221393313258886,Trade open
1001,146.91,0.1710507571697235,0.0019760734867304564,Trade open
1002,147.05,0.17191511392593384,0.002657395787537098,Trade open
1003,147.15,0.1680125892162323,-0.0028618029318749905,Trade open
1004,146.34,0.16627845168113708,-0.004307327216639151,Trade open
1005,146.1,0.1707649976015091,0.0,No trade
1006,146.1,0.16722913086414337,-0.003353904699906707,Trade open
1007,145.61,0.16562536358833313,-0.002464069752022624,Trade open
1008,145.74,0.1673661768436432,-0.004517478868365288,Trade open
1009,145.44,0.16701237857341766,0.00034214777406305075,Trade open
1010,146.15,0.16891619563102722,0.0009582435595802963,Trade open
1011,146.24,0.16646158695220947,-0.002737913280725479,Trade open
1012,145.7,0.16415907442569733,-0.0030801654793322086,Trade open
1013,145.65,0.16459473967552185,-0.003559235017746687,Trade open
1014,145.58,0.16476239264011383,-0.0032854960300028324,Trade open
1015,145.62,0.16580086946487427,-0.0032169828191399574,Trade open
1016,145.63,0.16411104798316956,-0.005099228551924268,Trade open
1017,145.32,0.16500616073608398,0.0,No trade
1018,145.32,0.16418153047561646,-0.0033719066996127367,Trade open
1019,144.83,0.1669062077999115,-0.0027526088524609804,Trade open
1020,144.92,0.16789543628692627,-0.000275313388556242,Trade open
1021,145.28,0.16973091661930084,0.0008257302106358111,Trade open
1022,145.44,0.16386334598064423,0.0022019820753484964,Trade open
1023,145.64,0.16470330953598022,0.0008945060544647276,Trade open
1024,145.45,0.16633197665214539,0.0029589366167783737,Trade open
1025,145.75,0.16505244374275208,0.0015138037269935012,Trade open
1026,145.54,0.16054338216781616,0.0011009385343641043,Trade open
1027,145.48,0.16432207822799683,0.0019267738098278642,Trade open
1028,145.6,0.1672804206609726,0.006261962465941906,Trade open
1029,146.23,0.17291831970214844,0.008188735693693161,Trade open
1030,146.51,0.17513921856880188,0.008237981656693644,Trade open
1031,147.06,0.1719047576189041,0.0,No trade
1032,147.06,0.1785677969455719,-0.001495996373705566,Trade open
1033,146.84,0.17748814821243286,0.0004079801437910646,Trade open
1034,147.12,0.1797570139169693,-0.0015639584744349122,Trade open
1035,146.83,0.17612405121326447,-0.002107966458424926,Trade open
1036,146.75,0.17642390727996826,0.000747998186852783,Trade open
1037,147.17,0.17713651061058044,0.0020400043576955795,Trade open
1038,147.36,0.18018311262130737,-0.003399972803890705,Trade open
1039,146.56,0.1700611412525177,-0.0045559511768546185,Trade open
1040,146.37,0.17422597110271454,0.0,No trade
1041,146.37,0.17293120920658112,-0.0012980969622731209,Trade open
1042,146.18,0.17192447185516357,0.0026644764002412558,Trade open
1043,146.76,0.1751597821712494,0.003962573129683733,Trade open
1044,146.95,0.1738177239894867,0.0025279114488512278,Trade open
1045,146.74,0.17587599158287048,0.004919049330055714,Trade open
1046,147.09,0.17486757040023804,-0.001571331056766212,Trade open
1047,146.14,0.17289632558822632,-0.005001993695415712,Trade open
1048,145.16,0.1766551434993744,0.0,No trade
1049,145.16,0.171653151512146,-0.006387038695866567,Trade open
1050,143.99,0.17277754843235016,0.0,No trade
1051,143.99,0.16598130762577057,-0.00027785639395006,Trade open
1052,143.95,0.16746452450752258,0.009514515288174152,Trade open
1053,145.36,0.1730118691921234,0.008125551044940948,Trade open
1054,145.16,0.16953295469284058,0.00013882222992833704,Trade open
1055,144.01,0.1647968590259552,-0.005417034029960632,Trade open
1056,143.21,0.16744309663772583,0.004722499288618565,Trade open
1057,144.67,0.1698620766401291,0.005347516853362322,Trade open
1058,144.76,0.16520899534225464,0.004166892264038324,Trade open
1059,144.59,0.16452334821224213,0.006389319431036711,Trade open
1060,144.91,0.16534322500228882,0.012917567044496536,Trade open
1061,145.85,0.1699986755847931,0.014594258188047745,Trade open
1062,146.32,0.16913381218910217,0.0,No trade
1063,146.32,0.17393308877944946,0.0010934143792837858,Trade open
1064,146.48,0.17440234124660492,0.004784014075994492,Trade open
1065,147.02,0.17619411647319794,0.0033487575128674507,Trade open
1066,146.81,0.17508594691753387,0.003212041687220335,Trade open
1067,146.79,0.1757257580757141,0.004168844316154718,Trade open
1068,146.93,0.17733584344387054,0.0038272112142294645,Trade open
1069,146.88,0.1774139553308487,0.0005466550355777144,Trade open
1070,146.4,0.17259769141674042,0.0019136056071147323,Trade open
1071,146.6,0.1728445142507553,0.0019819114822894335,Trade open
1072,146.61,0.17309628427028656,-0.0014352563302963972,Trade open
1073,146.11,0.17191970348358154,-0.005882411509690874,Trade open
1074,145.0,0.17428834736347198,0.0,No trade
1075,145.0,0.1710267961025238,-0.005448289575247929,Trade open
1076,144.19,0.1755565106868744,0.0,No trade
1077,144.19,0.16942274570465088,-0.0015950879314914346,Trade open
1078,143.96,0.17048144340515137,0.0,Trade open
1079,144.19,0.17331856489181519,0.004923999309539795,Trade open
1080,144.9,0.17114275693893433,0.0030515461694449186,Trade open
1081,144.63,0.1685330867767334,-0.00041610069456510246,Trade open
1082,144.13,0.1662011444568634,0.004993419628590345,Trade open
1083,144.91,0.17438147962093353,0.002219239016994834,Trade open
1084,144.51,0.165719673037529,0.0023579744156450033,Trade open
1085,144.53,0.16659678518772125,0.0023579744156450033,Trade open
1086,144.53,0.16701862215995789,-0.0029822313226759434,Trade open
1087,143.76,0.17001555860042572,0.0065191928297281265,Trade open
1088,145.13,0.1670268177986145,0.005686885677278042,Trade open
1089,145.01,0.16519682109355927,0.007351394277065992,Trade open
1090,145.25,0.168147012591362,0.011165826581418514,Trade open
1091,145.8,0.173648402094841,0.012057532063933467,Trade open
1092,146.0,0.17197097837924957,0.0,No trade
1093,146.0,0.17429400980472565,0.004794499836862087,Trade open
1094,146.7,0.17803621292114258,0.005684943869709969,Trade open
1095,146.83,0.17823007702827454,0.00328764203004539,Trade open
1096,146.48,0.1736833155155182,0.0008218843722715974,Trade open
1097,146.12,0.17242150008678436,-0.00280824420042336,Trade open
1098,145.59,0.17256714403629303,0.005890415050089359,Trade open
1099,146.86,0.1778486967086792,0.004726043902337551,Trade open
1100,146.69,0.17580822110176086,0.007260257378220558,Trade open
1101,147.06,0.1756676286458969,0.009178057312965393,Trade open
1102,147.34,0.17680275440216064,0.007739759515970945,Trade open
1103,147.13,0.17481347918510437,0.004931515082716942,Trade open
1104,146.72,0.17370843887329102,0.0034246575087308884,Trade open
1105,146.5,0.17437614500522614,0.0008904443820938468,Trade open
1106,146.13,0.17485496401786804,-0.00047950222506187856,Trade open
1107,145.93,0.17329442501068115,-0.006276916559428385,Trade open
1108,144.75,0.17645689845085144,0.0,No trade
1109,144.75,0.17222389578819275,-0.005191203431967832,Trade open
1110,143.92,0.17428599298000336,0.0,No trade
1111,143.92,0.16969478130340576,0.0034047074150294065,Trade open
1112,144.41,0.17498260736465454,0.004655351396650076,Trade open
1113,144.59,0.17608407139778137,0.004933342803269625,Trade open
1114,144.63,0.17191490530967712,0.007087300531566143,Trade open
1115,144.94,0.17059865593910217,0.007156745530664921,Trade open
1116,144.95,0.1691116988658905,0.005211228504776955,Trade open
1117,144.67,0.16728387773036957,0.004030029289424419,Trade open
1118,144.5,0.16658717393875122,0.006531423423439264,Trade open
1119,144.86,0.16946613788604736,0.009866580367088318,Trade open
1120,145.34,0.17035575211048126,0.0095886941999197,Trade open
1121,145.3,0.16677922010421753,0.009449698962271214,Trade open
1122,145.28,0.16769462823867798,0.0006253219908103347,Trade open
1123,144.01,0.16641831398010254,0.0050027878023684025,Trade open
1124,144.64,0.1700274497270584,0.0021539574954658747,Trade open
1125,144.23,0.16915647685527802,0.002987826243042946,Trade open
1126,144.35,0.17506824433803558,-0.0013896396849304438,Trade open
1127,143.72,0.1698566973209381,-0.005285663927764179,Trade open
1128,143.09,0.1752638965845108,0.0,No trade
1129,143.09,0.17049026489257812,-0.0016073501901701093,Trade open
1130,142.86,0.16969957947731018,-0.0036339997313916683,Trade open
1131,142.57,0.16853757202625275,-0.003494304371997714,Trade open
1132,142.59,0.16862420737743378,-0.0006987968808971345,Trade open
1133,142.99,0.16983386874198914,-0.006474455043995519,Trade open
1134,141.76,0.1681884080171585,0.0,No trade
1135,141.76,0.16801005601882935,0.0011991970241069794,Trade open
1136,141.93,0.16977280378341675,0.01178046129643917,Trade open
1137,143.43,0.16618424654006958,0.0067015537060797215,Trade open
1138,142.71,0.1618335247039795,0.012556425295770168,Trade open
1139,143.54,0.1644846796989441,0.010016917251050472,Trade open
1140,143.18,0.1623823642730713,0.010087528266012669,Trade open
1141,143.19,0.16182993352413177,0.004938009660691023,Trade open
1142,142.46,0.16082923114299774,0.014884316362440586,Trade open
1143,143.87,0.1688559204339981,0.013473502360284328,Trade open
1144,143.67,0.16882511973381042,0.015569556241653331,Trade open
1145,144.71,0.16741414368152618,0.0,No trade
1146,144.71,0.1731179654598236,0.000967447878792882,Trade open
1147,144.85,0.17414751648902893,0.002142198383808136,Trade open
1148,145.02,0.174883633852005,0.000967447878792882,Trade open
1149,144.85,0.17449845373630524,-0.0031788176856935024,Trade open
1150,144.25,0.16997338831424713,-0.004837344866245985,Trade open
1151,144.01,0.1700797975063324,-0.0071867785329905,Trade open
1152,143.57,0.17193689942359924,0.0,No trade
1153,143.57,0.16916099190711975,0.006408011075109243,Trade open
1154,144.49,0.17191188037395477,0.015363307516395997,Trade open
1155,146.58,0.1773015856742859,0.0,No trade
1156,146.58,0.18124820291996002,-0.003069974947720766,Trade open
1157,146.13,0.18020445108413696,-0.0010915790917351842,Trade open
1158,146.42,0.18006715178489685,0.0020466847345232964,Trade open
1159,146.88,0.1826096773147583,0.014648249939336477,Trade open
1160,148.74,0.1869736909866333,0.0,No trade
1161,148.74,0.18752767145633698,0.0019496657187119126,Trade open
1162,149.03,0.18867993354797363,0.0030253927689045668,Trade open
1163,149.19,0.18899743258953094,-0.002689317800104618,Trade open
1164,148.34,0.1824750155210495,-0.0060508884489536285,Trade open
1165,147.84,0.1786116361618042,-0.008221438179799083,Trade open
1166,146.77,0.1798190027475357,0.0,No trade
1167,146.77,0.17454524338245392,-0.005178236402571201,Trade open
1168,146.01,0.1687827855348587,-0.0036110838409513235,Trade open
1169,146.24,0.17080777883529663,-0.0027254149317741394,Trade open
1170,146.37,0.17428076267242432,-0.004019973799586296,Trade open
1171,146.18,0.17351451516151428,-0.006063905078917742,Trade open
1172,145.88,0.17298150062561035,-0.006808517313350145,Trade open
1173,145.55,0.1735086441040039,0.0,No trade
1174,145.55,0.17157097160816193,0.002473380882292986,Trade open
1175,145.91,0.1746354103088379,0.0032978064846247435,Trade open
1176,146.03,0.17601320147514343,0.00693915830925107,Trade open
1177,146.56,0.1771402657032013,0.010472619817659833,Trade open
1178,147.27,0.17780351638793945,0.0,No trade
1179,147.27,0.17727310955524445,-0.0006790663464926183,Trade open
1180,147.17,0.17543981969356537,0.003870388027280569,Trade open
1181,147.84,0.18013575673103333,0.0029877261258661747,Trade open
1182,147.71,0.1803789734840393,0.003938356880098581,Trade open
1183,147.85,0.1804169863462448,0.0015617283061146736,Trade open
1184,147.5,0.1776806116104126,0.0033271557185798883,Trade open
1185,147.76,0.17848075926303864,0.001969126518815756,Trade open
1186,147.56,0.17710188031196594,0.0021728258579969406,Trade open
1187,147.59,0.1767754852771759,-0.00122229871340096,Trade open
1188,147.09,0.1718870997428894,-0.0005432323669083416,Trade open
1189,147.19,0.17406289279460907,-0.004137215866969515,Trade open
1190,146.48,0.1719358265399933,0.0,No trade
1191,146.48,0.17181818187236786,0.0025942442007362843,Trade open
1192,146.86,0.17602092027664185,0.006622072774916887,Trade open
1193,147.45,0.1782369166612625,-0.0027307067066431046,Trade open
1194,146.08,0.17542864382266998,-0.0034134353045374155,Trade open
1195,145.98,0.17526140809059143,-0.004900719427757892,Trade open
1196,145.75,0.17775729298591614,0.0,No trade
1197,145.75,0.17552784085273743,-0.0035677822306752205,Trade open
1198,145.23,0.17346887290477753,0.003293281188234687,Trade open
1199,146.23,0.17626723647117615,0.0019210893660783768,Trade open
1200,146.03,0.17275933921337128,-0.0005488976603373885,Trade open
1201,145.67,0.1705104112625122,0.00569469528272748,Trade open
1202,146.58,0.17752811312675476,0.005831945687532425,Trade open
1203,146.6,0.1714402735233307,-0.0020583400037139654,Trade open
1204,145.45,0.16935350000858307,0.00013725057942792773,Trade open
1205,145.77,0.1709049940109253,0.0017152659129351377,Trade open
1206,146.0,0.1721228063106537,0.004185252822935581,Trade open
1207,146.36,0.17168845236301422,0.011252139694988728,Trade open
1208,147.39,0.17398540675640106,0.010840493254363537,Trade open
1209,147.33,0.17314355075359344,0.012212684378027916,Trade open
1210,147.53,0.17565545439720154,0.01385937724262476,Trade open
1211,147.77,0.17824235558509827,0.013790699653327465,Trade open
1212,147.76,0.18020616471767426,0.0107719199731946,Trade open
1213,147.32,0.17236731946468353,0.012624331749975681,Trade open
1214,147.59,0.1735488325357437,0.015035511494500765,Trade open
1215,148.83,0.18284335732460022,0.0,No trade
1216,148.83,0.18392440676689148,0.00020156406390015036,Trade open
1217,148.86,0.18456484377384186,-0.004770588595420122,Trade open
1218,148.12,0.17885203659534454,0.007189357187598944,Trade open
1219,149.9,0.1858595460653305,0.006651921663433313,Trade open
1220,149.82,0.1855321228504181,0.008869126439094543,Trade open
1221,150.15,0.18744775652885437,0.013706868514418602,Trade open
1222,150.87,0.18895626068115234,0.013985297588418289,Trade open
1223,151.66,0.18981817364692688,0.0,No trade
1224,151.66,0.18944837152957916,-0.005209076218307018,Trade open
1225,150.87,0.18710675835609436,-0.007017580940951929,Trade open
1226,150.41,0.18003487586975098,0.0,No trade
1227,150.41,0.1803790181875229,-0.0016621234826743603,Trade open
1228,150.16,0.17783410847187042,-0.000265996583038941,Trade open
1229,150.37,0.17942337691783905,0.0013961269287392497,Trade open
1230,150.62,0.18103477358818054,0.007113835774362087,Trade open
1231,151.48,0.18590092658996582,0.007712277118116617,Trade open
1232,151.57,0.18691469728946686,0.012480186736540645,Trade open
1233,152.33,0.18832746148109436,0.0,No trade
1234,152.33,0.18872644007205963,0.0033479584380984306,Trade open
1235,152.84,0.18966776132583618,0.0028227707371115685,Trade open
1236,152.76,0.18891949951648712,0.01201338976754613,Trade open
1237,154.64,0.19135966897010803,0.0,No trade
1238,154.64,0.19179795682430267,0.0030393251217901707,Trade open
1239,155.11,0.19171471893787384,0.0015520273009315133,Trade open
1240,154.88,0.1902671903371811,-0.004849974066019058,Trade open
1241,153.89,0.18130013346672058,-0.0004526129341684282,Trade open
1242,154.57,0.1841764599084854,0.0036860278341919184,Trade open
1243,155.21,0.18617650866508484,-0.000387982145184651,Trade open
1244,154.58,0.1812012791633606,0.0036860278341919184,Trade open
1245,155.21,0.1824866533279419,0.0021340004168450832,Trade open
1246,154.97,0.1810247004032135,0.006014019250869751,Trade open
1247,155.57,0.18348746001720428,0.012434402359241271,Trade open
1248,157.07,0.1880924105644226,0.0,No trade
1249,157.07,0.18958164751529694,0.017890095710754395,Trade open
1250,159.88,0.18757498264312744,0.02018207125365734,Trade open
1251,160.24,0.18550072610378265,0.015661751851439476,Trade open
1252,159.53,0.18246705830097198,0.01846306584775448,Trade open
1253,159.97,0.18217526376247406,0.018144717440009117,Trade open
1254,159.92,0.1820029616355896,0.010441199876368046,Trade open
1255,158.71,0.17775745689868927,0.01941801607608795,Trade open
1256,160.12,0.18176785111427307,0.018272075802087784,Trade open
1257,159.94,0.18063673377037048,0.019609004259109497,Trade open
1258,160.15,0.1813867837190628,0.021882870378016152,Trade open
1259,160.53,0.18326111137866974,0.0,No trade
1260,160.53,0.18255794048309326,0.0014950819313526154,Trade open
1261,160.77,0.18298546969890594,0.014452173374593258,Trade open
1262,162.85,0.182699054479599,0.008658814243972301,Trade open
1263,161.92,0.17938508093357086,0.002616321900859475,Trade open
1264,160.95,0.17578575015068054,0.004173663444817066,Trade open
1265,161.2,0.17646917700767517,0.005793359130620956,Trade open
1266,161.46,0.1782730519771576,0.013393097557127476,Trade open
1267,162.68,0.18212071061134338,0.018643597855290826,Trade open
1268,164.46,0.18584544956684113,0.0,No trade
1269,164.46,0.18298229575157166,-0.008938350714743137,Trade open
1270,162.99,0.17933161556720734,-0.01009364859889789,Trade open
1271,162.39,0.17571240663528442,0.0,No trade
1272,162.39,0.17456401884555817,0.0016010500257834792,Trade open
1273,162.65,0.1758362054824829,0.007204866036772728,Trade open
1274,163.56,0.17893782258033752,6.154632137622684e-05,Trade open
1275,162.4,0.1730843484401703,0.0008005719864740968,Trade open
1276,162.52,0.17274035513401031,0.0024631682317703962,Trade open
1277,162.79,0.17436333000659943,-0.006281201262027025,Trade open
1278,161.37,0.17082950472831726,-0.005542175844311714,Trade open
1279,161.49,0.17295591533184052,-0.003263740334659815,Trade open
1280,161.86,0.17645296454429626,0.0015395036898553371,Trade open
1281,162.64,0.1744508296251297,0.0028942744247615337,Trade open
1282,162.86,0.17569997906684875,0.004310591612011194,Trade open
1283,163.09,0.1794668287038803,0.011577097699046135,Trade open
1284,164.27,0.18517889082431793,0.01693454012274742,Trade open
1285,165.14,0.18377947807312012,0.016565075144171715,Trade open
1286,165.08,0.18714125454425812,0.01889633077989711,Trade open
1287,168.11,0.19005455076694489,0.0,No trade
1288,168.11,0.19072827696800232,-0.01035039871931076,Trade open
1289,166.37,0.1833198219537735,-0.016392309015755918,Trade open
1290,164.78,0.1783456951379776,0.0,No trade
1291,164.78,0.1756460964679718,0.010134713724255562,Trade open
1292,166.45,0.17909745872020721,0.01747787930071354,Trade open
1293,167.66,0.1817845106124878,0.0364815038343287,Trade open
1294,173.98,0.1849747896194458,0.0,No trade
1295,173.98,0.1828954964876175,-0.009253940545022488,Trade open
1296,172.37,0.17679765820503235,-0.009541260078549385,Trade open
1297,172.32,0.17389725148677826,-0.012530134059488773,Trade open
1298,171.8,0.17302536964416504,-0.008449254557490349,Trade open
1299,172.51,0.17324838042259216,-0.013047413900494576,Trade open
1300,171.71,0.1705256700515747,-0.007357160560786724,Trade open
1301,172.7,0.1723707616329193,-0.018335430671394627,Trade open
1302,168.7,0.17206145823001862,0.0,No trade
1303,168.7,0.1688961237668991,0.003734468948096037,Trade open
1304,169.33,0.1735704243183136,0.003734468948096037,Trade open
1305,169.33,0.1734061986207962,0.012151766568422318,Trade open
1306,170.75,0.1729186624288559,0.00788382813334465,Trade open
1307,170.03,0.1724563091993332,0.002074724994599819,Trade open
1308,169.05,0.17100642621517181,0.019561370834708214,Trade open
1309,172.0,0.1730467975139618,0.019383545964956284,Trade open
1310,171.97,0.17304226756095886,0.01849443092942238,Trade open
1311,171.82,0.17243297398090363,0.018020205199718475,Trade open
1312,171.74,0.17242716252803802,0.016834596171975136,Trade open
1313,171.54,0.17606768012046814,0.01890932209789753,Trade open
1314,171.89,0.17708809673786163,0.022821612656116486,Trade open
1315,172.55,0.17723502218723297,0.02548905275762081,Trade open
1316,173.0,0.17819559574127197,0.01890932209789753,Trade open
1317,171.89,0.17587441205978394,0.023355083540081978,Trade open
1318,172.64,0.17816120386123657,0.02667457051575184,Trade open
1319,173.2,0.1792469024658203,0.027385953813791275,Trade open
1320,173.32,0.17952843010425568,0.026081856340169907,Trade open
1321,173.1,0.17811793088912964,0.024184955283999443,Trade open
1322,172.78,0.17674441635608673,0.026555992662906647,Trade open
1323,173.18,0.18002037703990936,0.01594547927379608,Trade open
1324,171.39,0.17416155338287354,0.020094839856028557,Trade open
1325,172.09,0.17761221528053284,0.017783047631382942,Trade open
1326,171.7,0.1756262183189392,0.019561370834708214,Trade open
1327,172.0,0.1767873764038086,0.02039124257862568,Trade open
1328,172.14,0.17614120244979858,0.01914638839662075,Trade open
1329,171.93,0.17572171986103058,0.017130998894572258,Trade open
1330,171.59,0.1751812994480133,0.010492023080587387,Trade open
1331,170.47,0.17193450033664703,0.012744571082293987,Trade open
1332,170.85,0.17222508788108826,0.009780730120837688,Trade open
1333,170.35,0.171502947807312,0.014819205738604069,Trade open
1334,171.2,0.1732940375804901,0.02033199742436409,Trade open
1335,172.13,0.17283114790916443,0.02015417441725731,Trade open
1336,172.1,0.17272067070007324,0.016419705003499985,Trade open
1337,171.47,0.16918420791625977,0.021458271890878677,Trade open
1338,172.32,0.17238855361938477,0.025963278487324715,Trade open
1339,173.08,0.17648999392986298,0.01736815646290779,Trade open
1340,171.63,0.1683761477470398,0.01600472442805767,Trade open
1341,171.4,0.17206008732318878,0.0176644679158926,Trade open
1342,171.68,0.17030978202819824,0.01594547927379608,Trade open
1343,171.39,0.16912777721881866,0.009484328329563141,Trade open
1344,170.3,0.16736146807670593,0.007706005126237869,Trade open
1345,170.0,0.16829010844230652,0.0017783228540793061,Trade open
1346,169.0,0.1695631444454193,0.011262650601565838,Trade open
1347,170.6,0.1735909879207611,0.014582138508558273,Trade open
1348,171.16,0.17376333475112915,0.016301127150654793,Trade open
1349,171.45,0.17102590203285217,0.017901625484228134,Trade open
1350,171.72,0.16962558031082153,0.012151766568422318,Trade open
1351,170.75,0.1687527745962143,0.017723802477121353,Trade open
1352,171.69,0.16999904811382294,0.01588623598217964,Trade open
1353,171.38,0.16762077808380127,0.014048668555915356,Trade open
1354,171.07,0.16697949171066284,0.016538284718990326,Trade open
1355,171.49,0.16795049607753754,0.01867225393652916,Trade open
1356,171.85,0.17125947773456573,0.023414326831698418,Trade open
1357,172.65,0.17498189210891724,0.018375851213932037,Trade open
1358,171.8,0.17392514646053314,0.01760522462427616,Trade open
1359,171.67,0.17242313921451569,0.022525211796164513,Trade open
1360,172.5,0.17331363260746002,0.019324302673339844,Trade open
1361,171.96,0.17314518988132477,0.020865466445684433,Trade open
1362,172.22,0.1736573874950409,0.02222880907356739,Trade open
1363,172.45,0.17241880297660828,0.02371072955429554,Trade open
1364,172.7,0.17318430542945862,0.02821582555770874,Trade open
1365,173.46,0.17758315801620483,0.03212802857160568,Trade open
1366,174.12,0.17997851967811584,0.029045697301626205,Trade open
1367,173.6,0.17912589013576508,0.03619272674022784,Trade open
1368,174.98,0.18213222920894623,0.0,No trade
1369,174.98,0.1840955764055252,0.01600184664130211,Trade open
1370,177.78,0.18787531554698944,0.016630493104457855,Trade open
1371,177.89,0.19123539328575134,-0.00971537921577692,Trade open
1372,173.28,0.1695549488067627,0.023888491094112396,Trade open
1373,179.16,0.18472182750701904,0.022631196305155754,Trade open
1374,178.94,0.18200500309467316,0.011372759938240051,Trade open
1375,176.97,0.17504270374774933,0.012572848238050938,Trade open
1376,177.18,0.17639347910881042,0.0048006149008870125,Trade open
1377,175.82,0.17029456794261932,0.006857909262180328,Trade open
1378,176.18,0.1714051067829132,0.005029174033552408,Trade open
1379,175.86,0.17109374701976776,0.011029877699911594,Trade open
1380,176.91,0.17564645409584045,0.013030054047703743,Trade open
1381,177.26,0.17680121958255768,0.008058085106313229,Trade open
1382,176.39,0.17423589527606964,0.006857909262180328,Trade open
1383,176.18,0.1764189898967743,0.005600702948868275,Trade open
1384,175.96,0.17152205109596252,-0.001257293508388102,Trade open
1385,174.76,0.1695740818977356,-0.007715115323662758,Trade open
1386,173.63,0.17274218797683716,-0.013601495884358883,Trade open
1387,172.6,0.17362897098064423,-0.009029613807797432,Trade open
1388,173.4,0.17712995409965515,-0.01131555438041687,Trade open
1389,173.0,0.1758504956960678,-0.0033717930782586336,Trade open
1390,174.39,0.1721666306257248,-0.0032574699725955725,Trade open
1391,174.41,0.17114566266536713,-0.003200351959094405,Trade open
1392,174.42,0.17188620567321777,-0.0020001763477921486,Trade open
1393,174.63,0.17182449996471405,-0.002800264395773411,Trade open
1394,174.49,0.17068560421466827,-0.001257293508388102,Trade open
1395,174.76,0.1701837033033371,-0.005314851179718971,Trade open
1396,174.05,0.16713634133338928,-0.005257733631879091,Trade open
1397,174.06,0.1686418205499649,-0.011486995965242386,Trade open
1398,172.97,0.16763117909431458,-0.01436897634041768,Trade open
1399,170.93,0.1740131676197052,0.0,No trade
1400,170.93,0.1692478358745575,0.0018721543019637465,Trade open
1401,171.25,0.1706196516752243,0.005733405705541372,Trade open
1402,171.91,0.17018000781536102,0.003744308603927493,Trade open
1403,171.57,0.16481509804725647,-0.002632638905197382,Trade open
1404,170.48,0.1667836308479309,0.0034517734311521053,Trade open
1405,171.52,0.16912877559661865,-0.002281632274389267,Trade open
1406,170.54,0.16579510271549225,0.001345644355751574,Trade open
1407,171.16,0.16475896537303925,0.005674845073372126,Trade open
1408,171.9,0.16249875724315643,0.0023401929065585136,Trade open
1409,171.33,0.16136878728866577,0.010179637931287289,Trade open
1410,172.67,0.1654694527387619,0.012402798980474472,Trade open
1411,173.05,0.1671905219554901,0.010530645027756691,Trade open
1412,172.73,0.16510514914989471,0.00889255478978157,Trade open
1413,172.45,0.16531945765018463,0.008249012753367424,Trade open
1414,172.34,0.16469426453113556,0.008366044610738754,Trade open
1415,172.36,0.16493135690689087,0.013046341016888618,Trade open
1416,173.16,0.16998165845870972,0.006142883561551571,Trade open
1417,171.98,0.1630687564611435,0.005967380478978157,Trade open
1418,171.95,0.16673249006271362,0.00971159990876913,Trade open
1419,172.59,0.1675606518983841,0.013221844099462032,Trade open
1420,173.19,0.17152351140975952,0.01664009019361425,Trade open
1421,174.84,0.17229627072811127,0.0,No trade
1422,174.84,0.17530909180641174,-0.0018301995005458593,Trade open
1423,174.52,0.17647412419319153,-0.0018301995005458593,Trade open
1424,174.52,0.1794394999742508,-0.006348665338009596,Trade open
1425,173.73,0.17147476971149445,0.003374492982402444,Trade open
1426,175.43,0.17795060575008392,-0.004861535504460335,Trade open
1427,173.99,0.17311415076255798,-0.004918786697089672,Trade open
1428,173.98,0.17219550907611847,0.000343156949384138,Trade open
1429,174.9,0.17472577095031738,-0.0010867217788472772,Trade open
1430,174.65,0.17535154521465302,0.00577676622197032,Trade open
1431,175.85,0.18040341138839722,-0.0011438855435699224,Trade open
1432,174.64,0.1758328676223755,-0.0017158719711005688,Trade open
1433,174.54,0.17330878973007202,0.002688179025426507,Trade open
1434,175.31,0.17573368549346924,0.005090364720672369,Trade open
1435,175.73,0.17806485295295715,0.020279784672073045,Trade open
1436,179.33,0.17910338938236237,0.0,No trade
1437,179.33,0.17862921953201294,-0.011204399445874438,Trade open
1438,176.09,0.17397961020469666,0.0,No trade
1439,176.09,0.17734231054782867,-0.007609724532812834,Trade open
1440,174.75,0.1704578846693039,0.002669096691533923,Trade open
1441,176.56,0.17528274655342102,0.003634501714259386,Trade open
1442,176.73,0.17688828706741333,-0.0023283755872398615,Trade open
1443,175.68,0.17223115265369415,-0.004543148912489414,Trade open
1444,175.29,0.1722981333732605,-0.0006814419757574797,Trade open
1445,175.97,0.17359186708927155,-0.004656664561480284,Trade open
1446,175.27,0.1722840666770935,-0.01124422624707222,Trade open
1447,174.11,0.17282508313655853,-0.006019635125994682,Trade open
1448,175.03,0.17556187510490417,0.0016469337278977036,Trade open
1449,176.38,0.17363572120666504,0.0048271119594573975,Trade open
1450,176.94,0.17671528458595276,0.01828611083328724,Trade open
1451,179.31,0.1838916391134262,-5.67579481867142e-05,Trade open
1452,176.08,0.17450416088104248,-0.001419728621840477,Trade open
1453,175.84,0.1776781976222992,0.0007382865878753364,Trade open
1454,176.22,0.1763637810945511,-0.00959737878292799,Trade open
1455,174.4,0.1694842427968979,-0.0037481042090803385,Trade open
1456,175.43,0.1752827763557434,-0.0007381999166682363,Trade open
1457,175.96,0.17268608510494232,-0.005849274806678295,Trade open
1458,175.06,0.1717313528060913,-0.011394334053364949,Trade open
1459,172.11,0.1731840819120407,0.0,No trade
1460,172.11,0.17134061455726624,-0.0104584451764822,Trade open
1461,170.31,0.17035707831382751,-0.009703085757791996,Trade open
1462,170.44,0.17074443399906158,-0.011562405154109001,Trade open
1463,170.12,0.16726993024349213,-0.0051711080595850945,Trade open
1464,171.22,0.1676931083202362,0.00023237049754243344,Trade open
1465,172.15,0.16602540016174316,0.0009296592907048762,Trade open
1466,172.27,0.1650279462337494,0.000522900081705302,Trade open
1467,172.2,0.16421876847743988,0.003369948361068964,Trade open
1468,172.69,0.16526435315608978,0.007669467478990555,Trade open
1469,173.43,0.16824015974998474,0.009296415373682976,Trade open
1470,173.71,0.165304496884346,0.01487419381737709,Trade open
1471,174.67,0.17037208378314972,0.012259605340659618,Trade open
1472,174.22,0.16975440084934235,0.00627506710588932,Trade open
1473,173.19,0.16453306376934052,-0.0024402891285717487,Trade open
1474,171.69,0.1627337634563446,-0.0054035671055316925,Trade open
1475,171.18,0.16436421871185303,-0.00610076729208231,Trade open
1476,171.06,0.16949786245822906,-0.009586856700479984,Trade open
1477,170.46,0.1716165393590927,-0.01453390288633235,Trade open
1478,169.01,0.17328929901123047,0.0,No trade
1479,169.01,0.16859854757785797,-0.00674515962600708,Trade open
1480,167.87,0.16747066378593445,-0.010248766667322726,Trade open
1481,166.97,0.1695748120546341,0.0,No trade
1482,166.97,0.16625891625881195,0.010301259346306324,Trade open
1483,168.69,0.17331171035766602,0.017488161101937294,Trade open
1484,169.89,0.16342806816101074,0.016410166397690773,Trade open
1485,169.71,0.16210401058197021,0.017128828912973404,Trade open
1486,169.83,0.16220927238464355,0.0211415278149162,Trade open
1487,170.87,0.171010822057724,0.0,No trade
1488,170.87,0.1660761535167694,0.0016972468001767993,Trade open
1489,171.16,0.1667563021183014,0.0064376783557236195,Trade open
1490,171.97,0.16850872337818146,0.0036285503301769495,Trade open
1491,171.49,0.1666228324174881,0.0019313035300001502,Trade open
1492,171.2,0.16650605201721191,0.009773501195013523,Trade open
1493,172.54,0.17252026498317719,0.014923644252121449,Trade open
1494,173.42,0.17561830580234528,0.01673787459731102,Trade open
1495,173.73,0.17711472511291504,0.017498716711997986,Trade open
1496,173.86,0.17800457775592804,0.017741141806993592,Trade open
1497,174.06,0.1786663830280304,0.0,No trade
1498,174.06,0.1806812733411789,0.0020108360331505537,Trade open
1499,174.41,0.18392814695835114,-0.0003446947084739804,Trade open
1500,174.0,0.18268875777721405,-0.0029875002801418304,Trade open
1501,173.54,0.1757752001285553,0.0008618244319222867,Trade open
1502,174.21,0.18164631724357605,0.005917492788285017,Trade open
1503,175.09,0.1845281571149826,0.0016661413246765733,Trade open
1504,174.35,0.18229685723781586,0.00022985490795690566,Trade open
1505,174.1,0.17495429515838623,-0.004596133716404438,Trade open
1506,173.26,0.17471085488796234,0.004768481012433767,Trade open
1507,174.89,0.17862536013126373,0.011662637814879417,Trade open
1508,176.09,0.18172115087509155,0.015979713046922313,Trade open
1509,177.35,0.18083827197551727,0.0,No trade
1510,177.35,0.1796691119670868,-0.004285366274416447,Trade open
1511,176.59,0.1832832545042038,-0.000676686642691493,Trade open
1512,177.23,0.1854584515094757,0.005469417665153742,Trade open
1513,178.32,0.18829554319381714,0.00659711379557848,Trade open
1514,178.52,0.1879528909921646,0.009698343463242054,Trade open
1515,179.07,0.18749555945396423,0.019791340455412865,Trade open
1516,180.86,0.18960431218147278,0.020854645143902378,Trade open
1517,182.05,0.18967099487781525,0.0,No trade
1518,182.05,0.18742074072360992,-0.0014831324806436896,Trade open
1519,181.78,0.18523265421390533,0.005932446103543043,Trade open
1520,183.13,0.1845310479402542,0.00192249845713377,Trade open
1521,182.4,0.1805410236120224,0.003625397803261876,Trade open
1522,182.71,0.18242228031158447,0.0031859478913247585,Trade open
1523,182.63,0.18214233219623566,0.004888763185590506,Trade open
1524,182.94,0.1825871616601944,0.007031028624624014,Trade open
1525,183.33,0.18135295808315277,0.009338077157735825,Trade open
1526,183.75,0.18224617838859558,0.0032957475632429123,Trade open
1527,182.65,0.17842237651348114,0.00021968297369312495,Trade open
1528,182.09,0.17425447702407837,0.008459177799522877,Trade open
1529,183.59,0.18020041286945343,0.004559196997433901,Trade open
1530,182.88,0.17558464407920837,-0.009475416193836992,Trade open
1531,179.4,0.16431978344917297,0.0,No trade
1532,179.4,0.16436882317066193,0.006020077504217625,Trade open
1533,180.48,0.16814805567264557,0.0016722579021006823,Trade open
1534,179.7,0.16801227629184723,0.0049052671529352665,Trade open
1535,180.28,0.17000193893909454,0.008918652310967445,Trade open
1536,181.0,0.17629693448543549,0.01254180632531643,Trade open
1537,181.65,0.1747371405363083,0.009977751411497593,Trade open
1538,181.19,0.17268019914627075,0.01895211450755596,Trade open
1539,182.8,0.17808042466640472,0.019772295311503003,Trade open
1540,183.0,0.17813192307949066,0.0,No trade
1541,183.0,0.18000568449497223,0.0038251199293881655,Trade open
1542,183.7,0.18234214186668396,-0.009504296089130672,Trade open
1543,181.19,0.17420700192451477,0.0,No trade
1544,181.19,0.17153207957744598,0.0029250995721668005,Trade open
1545,181.72,0.17428725957870483,0.0006622612709179521,Trade open
1546,181.31,0.17266182601451874,-0.009603172985307636,Trade open
1547,178.45,0.16917036473751068,0.0,No trade
1548,178.45,0.16779614984989166,0.004034750629216433,Trade open
1549,179.17,0.17299972474575043,0.007509085815399885,Trade open
1550,179.79,0.1705222874879837,0.012944788672029972,Trade open
1551,180.76,0.1736542135477066,0.005267595872282982,Trade open
1552,179.39,0.1731048822402954,0.012216351926326752,Trade open
1553,180.63,0.17397131025791168,0.01462594885379076,Trade open
1554,181.06,0.17051468789577484,0.01641920953989029,Trade open
1555,181.38,0.17127907276153564,0.01025498379021883,Trade open
1556,180.28,0.1708008348941803,0.008237608708441257,Trade open
1557,179.92,0.17206306755542755,0.002745897974818945,Trade open
1558,178.94,0.17027896642684937,-0.0084617231041193,Trade open
1559,176.94,0.16944566369056702,-0.008181516081094742,Trade open
1560,176.99,0.16960303485393524,-0.009246253408491611,Trade open
1561,176.8,0.17099255323410034,-0.006164140533655882,Trade open
1562,177.35,0.1703762710094452,-0.010074850528850227,Trade open
1563,176.28,0.17017145454883575,0.0,No trade
1564,176.28,0.16626101732254028,-0.0019287290051579475,Trade open
1565,175.94,0.16751915216445923,-0.009927388280630112,Trade open
1566,174.53,0.16729038953781128,-0.0022690827026963234,Trade open
1567,175.88,0.1714557558298111,-0.0017018553335219622,Trade open
1568,175.98,0.16493529081344604,0.0022690827026963234,Trade open
1569,176.68,0.1633291095495224,0.0038575443904846907,Trade open
1570,176.96,0.16108635067939758,0.004424771759659052,Trade open
1571,177.06,0.15992526710033417,0.005218959413468838,Trade open
1572,177.2,0.15917223691940308,0.0030633569695055485,Trade open
1573,176.82,0.15725217759609222,0.0015883751912042499,Trade open
1574,176.56,0.1618979126214981,0.0068641179241240025,Trade open
